P,L,N,S,G,B,R,K,promote_avg,hand_avg,major_diff_avg,center_diff_avg,edge_atk_diff,castling_diff,sacrifice_diff,first_sacrifice,am_i_sente
0.0,0.0,0.0,0.015625,0.03125,-0.0625,-0.03125,0.046875,-0.0625,-0.40625,-0.296875,0.9375,0.0,0.33333333333333326,-0.015625,-1.0,0.0
0.06382978723404253,0.0,-0.03191489361702128,-0.010638297872340427,-0.010638297872340424,0.03191489361702128,-0.010638297872340425,-0.031914893617021274,-0.06382978723404255,-0.3085106382978723,-0.031914893617021274,0.010638297872340425,0.0,0.5476190476190474,0.010638297872340427,1.0,0.0
0.0,0.0449438202247191,-0.02247191011235955,-0.056179775280898875,0.011235955056179775,0.02247191011235955,0.0449438202247191,-0.033707865168539325,0.056179775280898875,1.2921348314606742,-0.06741573033707865,-0.0898876404494382,0.0,0.0,-0.033707865168539325,-1.0,0.0
0.11926605504587157,0.0,-0.027522935779816515,-0.045871559633027525,-0.01834862385321101,0.01834862385321101,-0.01834862385321101,-0.01834862385321101,0.01834862385321101,0.31192660550458706,-0.24770642201834864,1.110091743119266,0.0,0.5303030303030304,0.009174311926605505,1.0,1.0
0.026666666666666672,0.0,0.0,0.09333333333333334,-0.026666666666666665,0.026666666666666665,-0.05333333333333334,-0.05333333333333334,0.02666666666666667,-0.8266666666666668,0.0,0.6,0.0,0.0,0.08,-1.0,0.0
-0.008264462809917356,-0.008264462809917356,0.008264462809917356,0.049586776859504134,0.0,0.01652892561983471,-0.01652892561983471,-0.03305785123966942,-0.008264462809917356,0.8264462809917356,-0.12396694214876033,0.6528925619834711,0.0,-0.8727272727272726,-0.024793388429752067,-1.0,0.0
0.03603603603603603,0.0,0.01801801801801802,0.04504504504504504,0.027027027027027025,-0.03603603603603604,-0.02702702702702703,-0.05405405405405405,0.018018018018018014,-0.3423423423423424,-0.5855855855855856,0.5315315315315315,0.0,0.0,0.02702702702702702,-1.0,0.0
0.09473684210526315,-0.010526315789473684,0.021052631578947364,-0.031578947368421054,0.010526315789473682,-0.05263157894736842,0.031578947368421054,-0.052631578947368425,0.04210526315789474,-1.568421052631579,-0.031578947368421054,0.7473684210526316,0.0,0.21875,0.04210526315789474,1.0,1.0
-0.01626016260162602,0.016260162601626018,0.024390243902439032,-0.00813008130081301,-0.02439024390243902,0.04065040650406504,0.008130081300813004,-0.03252032520325203,0.024390243902439025,0.30081300813008127,0.2682926829268293,1.2439024390243902,0.0,0.3194444444444445,0.03252032520325203,1.0,1.0
0.03305785123966942,0.0,0.01652892561983471,-0.008264462809917356,0.03305785123966942,0.03305785123966942,-0.049586776859504134,-0.049586776859504134,0.049586776859504134,-1.6942148760330578,-0.35537190082644626,-0.3884297520661157,0.008264462809917356,1.1666666666666665,0.09090909090909091,1.0,0.0
0.0,0.0,0.0,-0.043478260869565216,-0.13043478260869565,0.17391304347826086,0.043478260869565216,0.0,0.043478260869565216,0.0,0.043478260869565216,0.7391304347826086,0.0,0.0,0.043478260869565216,1.0,0.0
0.037974683544303806,-0.012658227848101266,0.05063291139240507,-0.0759493670886076,0.05063291139240507,-0.0379746835443038,0.0,0.0,-0.0379746835443038,0.49367088607594933,0.12658227848101267,0.759493670886076,-0.02531645569620253,0.08333333333333331,-0.05063291139240506,1.0,0.0
0.022727272727272735,0.0,-0.03409090909090909,-0.07954545454545453,-0.04545454545454545,0.07954545454545456,-0.07954545454545454,0.13636363636363635,-0.03409090909090909,0.4204545454545454,0.22727272727272727,0.1590909090909091,0.0,0.0,-0.022727272727272728,1.0,0.0
-0.05434782608695654,0.021739130434782608,0.0,0.010869565217391297,0.010869565217391297,0.0,0.0,0.010869565217391304,0.0,0.07608695652173914,0.0,0.7282608695652174,0.0,0.3548387096774194,0.010869565217391304,-1.0,0.0
-0.01428571428571429,-0.02857142857142857,-0.014285714285714285,0.057142857142857134,0.014285714285714287,0.014285714285714287,-0.028571428571428567,0.0,0.0,-0.14285714285714288,-0.24285714285714285,1.457142857142857,0.0,-0.02857142857142847,0.0,-1.0,0.0
-0.026666666666666672,0.0,0.04,0.05333333333333334,0.039999999999999994,-0.026666666666666672,-0.05333333333333333,-0.013333333333333329,-0.02666666666666667,0.0,-0.013333333333333334,0.22666666666666666,0.013333333333333334,0.25,0.04,1.0,1.0
0.04210526315789473,0.0,0.03157894736842105,0.02105263157894738,-0.01052631578947369,-0.021052631578947368,0.0,-0.05263157894736842,0.031578947368421054,-1.2105263157894735,-0.05263157894736842,0.5473684210526316,0.010526315789473684,-0.5185185185185186,0.07368421052631578,1.0,1.0
0.009009009009009028,0.009009009009009009,0.06306306306306306,0.018018018018018014,0.02702702702702703,-0.07207207207207207,-0.02702702702702703,-0.018018018018018014,0.0,0.3783783783783783,-0.2972972972972973,0.3783783783783784,0.0,0.6491228070175439,-0.00900900900900901,-1.0,1.0
-0.024999999999999994,0.0,-0.0125,-0.012499999999999997,0.05,0.05,-0.049999999999999996,0.0,-0.012500000000000004,0.44999999999999996,0.225,0.7125,0.0,0.0,-0.0625,1.0,0.0
0.007782101167315175,0.007782101167315175,0.01556420233463035,0.0,-0.0038910505836575876,0.058365758754863814,-0.03501945525291829,-0.04669260700389105,-0.01556420233463035,-1.3929961089494163,0.15953307392996108,0.06614785992217899,0.0,1.0,0.04669260700389105,1.0,0.0
0.023529411764705882,0.0,0.011764705882352941,0.058823529411764705,0.011764705882352941,-0.1411764705882353,0.0823529411764706,-0.03529411764705882,0.03529411764705882,-0.388235294117647,-0.43529411764705883,1.1411764705882352,0.011764705882352941,0.0,0.0,-1.0,0.0
0.05217391304347825,0.02608695652173913,0.008695652173913044,-0.09565217391304348,0.0,0.026086956521739132,0.008695652173913042,-0.01739130434782609,0.0,-0.5565217391304348,0.3130434782608696,0.1391304347826087,0.008695652173913044,0.06779661016949179,0.008695652173913042,-1.0,0.0
0.037267080745341616,0.018633540372670808,-0.037267080745341616,0.0186335403726708,-0.0124223602484472,-0.043478260869565216,0.024844720496894408,0.0,-0.0062111801242236,-0.09316770186335388,0.40993788819875776,0.9440993788819876,-0.006211180124223602,1.46875,0.012422360248447208,1.0,0.0
0.0,-0.022988505747126436,0.034482758620689655,0.011494252873563218,-0.011494252873563218,-0.04597701149425287,0.04597701149425287,0.0,0.0,-0.17241379310344818,-0.034482758620689655,0.9080459770114943,0.0,-1.0270270270270272,0.022988505747126436,-1.0,0.0
0.011764705882352927,0.023529411764705882,-0.047058823529411764,-0.011764705882352941,-0.011764705882352941,0.047058823529411764,-0.023529411764705882,0.023529411764705882,0.03529411764705882,0.4,0.24705882352941178,0.9647058823529412,-0.011764705882352941,1.2666666666666666,0.023529411764705882,1.0,0.0
0.046511627906976744,0.0,0.0,0.0,-0.011627906976744186,-0.046511627906976744,0.023255813953488372,-0.011627906976744186,-0.046511627906976744,-0.33720930232558144,0.10465116279069768,0.7093023255813954,0.011627906976744186,0.0,-0.03488372093023256,-1.0,0.0
0.013333333333333336,0.0,-0.02666666666666667,0.06666666666666668,-0.04,0.04,-0.026666666666666665,-0.013333333333333332,0.02666666666666667,0.76,0.5866666666666667,1.2133333333333334,-0.013333333333333334,0.3448275862068966,0.0,-1.0,0.0
-0.06,-0.04,0.02,0.009999999999999995,0.0,0.08,-0.07,0.060000000000000005,-0.039999999999999994,0.34999999999999987,0.22,0.13,0.0,0.37735849056603776,-0.07,-1.0,0.0
0.05747126436781609,-0.011494252873563218,-0.011494252873563218,0.011494252873563218,0.011494252873563218,0.022988505747126436,-0.034482758620689655,-0.034482758620689655,0.034482758620689655,0.4367816091954022,0.5057471264367817,0.4827586206896552,0.011494252873563218,0.03125,0.011494252873563218,1.0,1.0
-0.043795620437956206,0.014598540145985404,-0.014598540145985404,-0.007299270072992699,0.007299270072992699,0.014598540145985401,-0.021897810218978103,0.058394160583941604,-0.0510948905109489,-0.21897810218978098,0.22627737226277372,0.145985401459854,-0.0072992700729927005,0.39393939393939403,-0.03649635036496351,-1.0,0.0
-0.015267175572519082,0.0,0.0,-0.06870229007633588,-0.007633587786259541,0.06870229007633588,0.03053435114503817,0.0,0.007633587786259541,1.2900763358778624,0.6335877862595419,0.44274809160305345,0.0,-0.6666666666666667,-0.007633587786259541,-1.0,0.0
0.025641025641025647,-0.025641025641025644,0.017094017094017096,-0.094017094017094,0.03418803418803419,0.008547008547008551,0.008547008547008544,0.03418803418803419,-0.017094017094017096,1.8376068376068375,-0.1623931623931624,0.1794871794871795,0.0,-0.33333333333333337,0.0,-1.0,0.0
0.01052631578947369,0.021052631578947368,0.0,-0.031578947368421054,-0.010526315789473675,0.04210526315789474,-0.010526315789473682,-0.010526315789473682,0.031578947368421054,-0.42105263157894735,-0.2736842105263158,0.08421052631578947,0.010526315789473684,0.625,0.0631578947368421,1.0,0.0
0.02631578947368421,0.008771929824561403,-0.02631578947368421,0.02631578947368421,-0.008771929824561403,0.008771929824561403,0.008771929824561403,-0.043859649122807015,0.008771929824561403,-1.0526315789473681,0.38596491228070173,0.37719298245614036,0.0,0.0,0.02631578947368421,-1.0,0.0
0.02542372881355931,0.00847457627118644,0.008474576271186442,0.016949152542372878,-0.025423728813559317,-0.008474576271186439,-0.008474576271186439,-0.016949152542372885,0.02542372881355932,-0.6610169491525423,-0.03389830508474576,0.8220338983050848,-0.00847457627118644,0.9333333333333331,0.016949152542372885,-1.0,0.0
-0.061068702290076354,0.0,0.007633587786259542,0.09923664122137403,0.007633587786259541,0.0,-0.03053435114503817,-0.015267175572519085,0.030534351145038167,0.19083969465648865,0.12213740458015267,0.8625954198473282,0.0,0.8,0.0534351145038168,1.0,0.0
0.0297029702970297,-0.0297029702970297,0.00990099009900991,-0.009900990099009896,0.019801980198019806,-0.019801980198019806,0.00990099009900991,0.0,0.039603960396039604,-0.17821782178217815,-0.019801980198019802,0.8514851485148515,0.009900990099009901,-0.2037037037037035,0.04950495049504951,1.0,0.0
0.02777777777777779,0.0,0.009259259259259259,-0.027777777777777776,0.018518518518518517,-0.009259259259259259,-0.06481481481481481,0.046296296296296294,-0.018518518518518517,-0.8796296296296295,0.16666666666666666,0.6111111111111112,0.0,0.4482758620689655,-0.027777777777777776,-1.0,0.0
0.02439024390243902,-0.048780487804878044,-0.01219512195121951,-0.03658536585365854,0.0,0.0,0.01219512195121951,0.06097560975609757,-0.024390243902439025,0.19512195121951215,0.2682926829268293,1.3902439024390243,0.0,-0.08333333333333348,-0.024390243902439025,1.0,0.0
-0.008928571428571425,-0.026785714285714284,-0.01785714285714286,0.0,0.017857142857142856,0.017857142857142856,0.0,0.017857142857142856,-0.05357142857142857,-0.008928571428571397,0.16071428571428573,0.9107142857142857,-0.008928571428571428,0.7499999999999998,-0.0625,1.0,1.0
0.020202020202020193,0.0,0.0,0.0,0.010101010101010104,-0.010101010101010097,0.0202020202020202,-0.0303030303030303,0.030303030303030304,0.39393939393939403,0.5454545454545454,0.6767676767676768,-0.010101010101010102,-0.3529411764705882,-0.0202020202020202,-1.0,1.0
0.007874015748031496,0.0,0.0,0.0,-0.007874015748031496,-0.03937007874015748,0.007874015748031496,0.03937007874015748,0.047244094488188976,0.11811023622047245,0.6850393700787402,0.6850393700787402,0.0,0.0,0.007874015748031496,1.0,0.0
-0.03125,0.0,0.0,0.125,-0.03125,0.0,-0.03125,-0.03125,0.0,-0.03125,0.0,0.0,0.0,0.0,0.0,0.0,0.0
-0.02564102564102566,0.0,0.025641025641025633,0.01282051282051283,0.012820512820512817,0.012820512820512817,-0.025641025641025644,-0.012820512820512817,0.0,-0.5384615384615384,-0.4230769230769231,-0.24358974358974358,0.0,0.18181818181818177,0.02564102564102564,1.0,0.0
0.0,0.0,0.0,-0.07317073170731707,0.03658536585365854,-0.03658536585365854,0.024390243902439025,0.04878048780487805,-0.03658536585365854,0.13414634146341464,-0.4634146341463415,0.9146341463414634,0.0,1.0344827586206897,-0.012195121951219516,-1.0,0.0
-0.00990099009900991,0.0,0.02970297029702971,0.00990099009900991,0.02970297029702971,-0.07920792079207921,0.0396039603960396,-0.009900990099009903,-0.019801980198019802,0.891089108910891,0.38613861386138615,1.0198019801980198,0.0,-0.20689655172413793,-0.019801980198019802,-1.0,0.0
0.0,0.018987341772151896,0.012658227848101264,-0.01265822784810127,0.0,0.025316455696202528,-0.018987341772151896,-0.02531645569620253,0.018987341772151896,0.05063291139240511,0.056962025316455694,0.7468354430379747,0.006329113924050633,-0.8695652173913043,0.012658227848101264,-1.0,0.0
-0.007999999999999993,0.024,0.016,-0.032,0.0,0.0,0.024000000000000007,-0.016,0.008,0.3600000000000001,-0.056,0.472,0.0,0.0,0.04,1.0,0.0
-0.13580246913580246,0.037037037037037035,-0.024691358024691357,0.04938271604938271,0.06172839506172839,0.08641975308641975,0.0,-0.06172839506172839,-0.024691358024691357,0.8024691358024693,0.41975308641975306,-0.04938271604938271,0.0,0.0,-0.037037037037037035,-1.0,0.0
0.05369127516778524,0.006711409395973154,0.0,-0.0067114093959731586,-0.026845637583892613,-0.020134228187919462,0.033557046979865765,-0.03355704697986578,0.02684563758389262,-0.7583892617449663,-0.06040268456375839,0.33557046979865773,0.006711409395973154,0.0,0.060402684563758385,-1.0,1.0
0.0,0.009615384615384616,0.0,-0.028846153846153855,-0.019230769230769225,0.057692307692307696,-0.04807692307692307,0.028846153846153848,-0.009615384615384616,-0.1826923076923076,0.25,0.875,0.0,-0.30645161290322576,0.0,1.0,0.0
-0.13483146067415733,0.0,-0.02247191011235955,0.011235955056179775,-0.033707865168539325,0.06741573033707865,0.0898876404494382,0.033707865168539325,0.011235955056179775,1.3258426966292134,0.0,-0.06741573033707865,0.0,-0.3404255319148936,-0.06741573033707865,-1.0,1.0
-0.009615384615384609,-0.019230769230769232,0.009615384615384616,0.028846153846153848,-0.019230769230769232,-0.019230769230769232,0.028846153846153855,0.0,-0.019230769230769232,-0.3173076923076923,-0.09615384615384616,1.2115384615384615,-0.009615384615384616,0.1282051282051282,-0.009615384615384616,-1.0,0.0
0.11538461538461536,0.019230769230769232,-0.019230769230769232,-0.019230769230769232,0.0,-0.057692307692307696,-0.038461538461538464,0.0,0.019230769230769232,-0.2692307692307693,0.0,0.40384615384615385,0.0,0.7,0.07692307692307693,1.0,0.0
0.024390243902439032,0.012195121951219513,0.0,-0.06097560975609756,-0.03658536585365854,0.02439024390243902,-0.012195121951219516,0.04878048780487805,-0.01219512195121951,0.2195121951219512,-0.4146341463414634,0.975609756097561,0.012195121951219513,-0.07407407407407418,-0.02439024390243902,-1.0,1.0
-0.010989010989011005,0.0,0.010989010989010985,0.021978021978021983,0.010989010989010985,0.0,0.03296703296703297,-0.05494505494505495,0.02197802197802198,0.42857142857142855,0.0,1.065934065934066,0.01098901098901099,-0.12068965517241392,0.02197802197802198,1.0,0.0
0.0975609756097561,0.0,-0.012195121951219516,0.024390243902439032,0.012195121951219516,-0.0975609756097561,0.0,-0.024390243902439025,0.0,-0.6707317073170731,0.14634146341463414,0.9634146341463414,0.0,0.0,0.036585365853658534,-1.0,0.0
-0.01801801801801803,0.018018018018018014,-0.02702702702702703,0.018018018018018018,-0.009009009009009007,0.02702702702702703,-0.009009009009009014,0.009009009009009007,0.009009009009009007,0.6846846846846846,0.09009009009009009,1.2972972972972974,-0.009009009009009009,0.6749999999999998,-0.04504504504504504,1.0,0.0
0.045871559633027525,0.0,0.027522935779816515,-0.009174311926605505,-0.009174311926605505,0.06422018348623854,-0.03669724770642202,-0.07339449541284404,0.05504587155963303,-1.0642201834862386,-0.3761467889908257,1.1192660550458715,0.0,0.0,0.05504587155963303,-1.0,0.0
0.011764705882352955,-0.011764705882352941,0.0,0.05882352941176472,0.023529411764705882,-0.03529411764705882,-0.058823529411764705,0.023529411764705882,-0.011764705882352941,-0.24705882352941166,0.011764705882352941,0.6352941176470588,0.0,-0.5249999999999999,0.0,1.0,0.0
-0.011764705882352955,0.0,0.0,-0.058823529411764705,0.0,-0.058823529411764705,0.09411764705882354,0.047058823529411764,-0.03529411764705882,0.7294117647058824,0.08235294117647059,-0.9176470588235294,0.0,0.0,-0.03529411764705882,-1.0,0.0
-0.01801801801801803,0.0,0.00900900900900901,0.0,0.04504504504504505,-0.01801801801801802,0.02702702702702703,-0.036036036036036036,0.018018018018018018,-0.7117117117117118,-0.13513513513513514,0.7927927927927928,0.0,-0.6000000000000001,0.02702702702702702,1.0,0.0
0.05555555555555555,0.0,0.0,-0.027777777777777776,0.018518518518518517,-0.046296296296296294,-0.009259259259259259,0.009259259259259259,-0.027777777777777776,-0.40740740740740744,-0.12962962962962962,-0.08333333333333333,0.009259259259259259,-0.6481481481481484,0.018518518518518517,1.0,0.0
0.014925373134328346,0.0,0.04477611940298507,0.0,0.0,0.014925373134328356,0.02985074626865672,-0.08955223880597014,0.04477611940298507,-0.28358208955223896,-0.3582089552238806,0.014925373134328358,0.0,0.3333333333333333,0.08955223880597014,1.0,1.0
0.05405405405405406,-0.02702702702702703,-0.013513513513513514,-0.02702702702702703,0.013513513513513514,-0.02702702702702703,0.013513513513513514,0.013513513513513514,0.013513513513513514,-0.2837837837837838,0.0,0.7567567567567568,0.0,0.4117647058823528,-0.013513513513513514,-1.0,0.0
-0.11904761904761905,0.0,0.0,-0.011904761904761904,-0.011904761904761904,-0.011904761904761904,0.05952380952380952,0.09523809523809523,-0.011904761904761904,1.1904761904761902,0.10714285714285714,0.8095238095238095,0.0,0.108108108108108,-0.07142857142857142,-1.0,0.0
0.03260869565217392,-0.010869565217391304,-0.010869565217391304,-0.03260869565217391,0.021739130434782608,0.03260869565217392,0.03260869565217391,-0.06521739130434782,0.03260869565217391,-0.44565217391304346,-0.5217391304347826,0.8804347826086957,0.021739130434782608,-0.17857142857142838,0.05434782608695653,1.0,0.0
-0.008403361344537813,-0.016806722689075633,0.025210084033613446,0.0,0.03361344537815126,-0.07563025210084034,0.058823529411764705,-0.008403361344537813,0.0,-0.4285714285714286,0.07563025210084033,0.8235294117647058,0.0,0.04081632653061229,-0.016806722689075633,-1.0,0.0
-0.021978021978021983,0.0,-0.010989010989010988,-0.04395604395604395,0.04395604395604396,-0.010989010989010992,0.05494505494505495,0.0,-0.02197802197802198,-0.5604395604395603,-0.12087912087912088,0.2087912087912088,0.0,0.48979591836734704,-0.010989010989010985,-1.0,0.0
0.09090909090909091,-0.01652892561983471,0.01652892561983471,0.008264462809917356,0.01652892561983471,-0.0743801652892562,-0.049586776859504134,0.01652892561983471,0.0,0.4958677685950412,0.06611570247933884,0.9586776859504132,0.0,-2.1866666666666665,-0.04132231404958678,-1.0,1.0
-0.033333333333333354,0.0,0.011111111111111113,-0.033333333333333326,0.05555555555555555,0.0,0.02222222222222222,-0.02222222222222222,-0.033333333333333326,0.7777777777777777,0.03333333333333333,-0.05555555555555555,0.0,-0.5,-0.06666666666666667,1.0,0.0
-0.009259259259259245,0.0,-0.018518518518518517,0.027777777777777776,0.0,-0.046296296296296294,0.037037037037037035,0.009259259259259259,-0.009259259259259259,0.462962962962963,-0.18518518518518517,0.06481481481481481,0.0,0.5454545454545454,-0.009259259259259259,1.0,0.0
-0.0517241379310345,0.008620689655172414,0.04310344827586207,0.0,-0.008620689655172417,-0.008620689655172417,0.025862068965517244,-0.008620689655172414,0.02586206896551724,-1.353448275862069,0.06896551724137931,0.2413793103448276,0.0,-1.5869565217391304,0.05172413793103449,1.0,0.0
-0.0111111111111111,0.03333333333333333,-0.022222222222222223,0.03333333333333333,0.011111111111111113,-0.011111111111111113,-0.02222222222222222,-0.01111111111111111,-0.011111111111111106,-0.7222222222222223,-0.36666666666666664,1.0777777777777777,0.011111111111111112,0.033333333333333215,0.0,1.0,0.0
-0.07216494845360824,0.0,0.030927835051546386,-0.061855670103092786,0.010309278350515455,0.03092783505154639,0.041237113402061855,0.030927835051546393,-0.030927835051546393,0.31958762886597947,1.1237113402061856,0.979381443298969,0.0,-1.1304347826086956,-0.010309278350515462,-1.0,0.0
0.041666666666666685,0.013888888888888888,0.013888888888888888,-0.04166666666666667,0.013888888888888888,-0.041666666666666664,-0.013888888888888881,0.013888888888888888,-0.013888888888888888,-0.4305555555555556,-0.013888888888888888,0.8888888888888888,0.013888888888888888,-0.38461538461538436,-0.027777777777777776,-1.0,0.0
0.09146341463414633,0.0060975609756097615,0.0060975609756097615,0.01829268292682927,0.01219512195121951,-0.024390243902439025,-0.09146341463414634,-0.01829268292682927,0.036585365853658534,-1.402439024390244,-0.04878048780487805,0.9207317073170732,0.006097560975609756,-0.3448275862068966,0.0548780487804878,-1.0,1.0
0.0,0.0,-0.0136986301369863,0.0,0.0,-0.0547945205479452,0.0684931506849315,0.0136986301369863,0.0136986301369863,0.7808219178082192,0.2876712328767123,0.6575342465753424,0.0,-0.40625,-0.0410958904109589,1.0,0.0
0.06315789473684211,0.0,-0.010526315789473684,-0.04210526315789474,0.0,-0.021052631578947364,0.02105263157894737,0.0,-0.010526315789473682,0.3263157894736842,-0.010526315789473684,0.2,0.0,-0.0888888888888888,0.0,-1.0,0.0
0.08421052631578949,-0.010526315789473684,-0.02105263157894737,0.021052631578947364,-0.010526315789473682,-0.05263157894736842,0.031578947368421054,-0.031578947368421054,0.010526315789473682,0.4631578947368422,-0.16842105263157894,0.5894736842105263,0.0,0.2857142857142857,-0.03157894736842105,-1.0,1.0
0.00884955752212388,0.0,0.008849557522123894,-0.017699115044247787,0.0,0.008849557522123894,0.008849557522123894,-0.008849557522123894,-0.008849557522123894,-0.34513274336283195,0.3805309734513274,0.0,0.0,0.853658536585366,0.008849557522123894,-1.0,0.0
0.10638297872340424,0.0,-0.02127659574468085,-0.021276595744680854,0.0,-0.021276595744680854,0.0,-0.02127659574468085,0.02127659574468085,-0.21276595744680848,0.1276595744680851,0.14893617021276595,0.0,-0.625,0.06382978723404255,1.0,1.0
0.09090909090909091,0.0,0.015151515151515152,-0.030303030303030304,0.0,0.0,0.015151515151515152,-0.09090909090909091,0.045454545454545456,-0.8030303030303031,-0.16666666666666666,0.9090909090909091,0.0,0.0,0.07575757575757576,1.0,0.0
0.053571428571428575,0.0,-0.05357142857142857,0.053571428571428575,0.017857142857142856,0.0,-0.05357142857142856,-0.017857142857142856,0.0,-0.5178571428571429,-0.017857142857142856,0.5,0.0,0.0,-0.03571428571428571,1.0,0.0
0.03278688524590165,-0.02459016393442623,-0.04098360655737705,-0.032786885245901634,-0.016393442622950817,0.032786885245901634,0.02459016393442623,0.02459016393442623,-0.016393442622950824,0.10655737704918034,0.3770491803278688,-0.2786885245901639,0.0,0.19047619047619047,0.0,-1.0,0.0
0.023529411764705882,-0.011764705882352941,0.0,-0.011764705882352941,-0.011764705882352941,0.011764705882352941,0.011764705882352941,0.0,-0.011764705882352941,-0.02352941176470591,0.2235294117647059,0.8588235294117647,-0.011764705882352941,-0.05555555555555558,0.0,1.0,0.0
0.009009009009009,-0.02702702702702703,0.0,0.0,0.00900900900900901,0.1081081081081081,-0.03603603603603603,-0.05405405405405406,0.018018018018018014,0.9459459459459459,0.6126126126126126,0.3963963963963964,0.009009009009009009,-0.4411764705882353,0.009009009009009007,1.0,0.0
0.020618556701030938,0.0,0.05154639175257732,-0.07216494845360824,-0.03092783505154639,0.030927835051546393,0.030927835051546393,-0.020618556701030927,0.04123711340206185,-0.865979381443299,0.2268041237113402,0.8247422680412371,0.0,0.1071428571428572,0.08247422680412371,1.0,0.0
0.03614457831325302,-0.012048192771084338,-0.048192771084337345,0.0,-0.012048192771084335,0.03614457831325301,0.012048192771084335,0.0,0.024096385542168676,-0.7831325301204819,0.46987951807228917,1.2048192771084338,0.0,-0.3421052631578947,0.03614457831325302,1.0,0.0
0.04166666666666666,0.0,0.013888888888888888,0.013888888888888881,-0.013888888888888895,-0.08333333333333334,0.041666666666666664,-0.013888888888888888,0.013888888888888888,-0.5416666666666667,0.0,0.9722222222222222,0.0,-0.5217391304347826,0.027777777777777776,1.0,1.0
-0.08433734939759036,-0.012048192771084338,-0.012048192771084338,0.060240963855421686,0.02409638554216867,0.03614457831325302,0.03614457831325301,-0.036144578313253004,0.012048192771084338,0.07228915662650603,-0.07228915662650602,1.0240963855421688,0.012048192771084338,0.15151515151515138,0.060240963855421686,1.0,0.0
-0.078125,0.03125,-0.03125,0.0,0.0,0.03125,0.015625,0.03125,-0.015625,-0.4375,-0.0625,0.171875,0.0,0.5,0.03125,1.0,0.0
0.026086956521739132,0.017391304347826087,0.02608695652173913,0.008695652173913035,0.008695652173913042,-0.11304347826086956,0.04347826086956522,-0.008695652173913042,0.008695652173913045,0.12173913043478257,-0.008695652173913044,0.9478260869565217,0.0,0.01538461538461533,0.008695652173913045,-1.0,1.0
0.07964601769911506,0.017699115044247787,0.008849557522123894,0.0,-0.008849557522123894,-0.07964601769911504,0.017699115044247787,-0.02654867256637168,0.0,-0.21238938053097334,0.07079646017699115,0.7699115044247787,-0.008849557522123894,0.6666666666666667,0.017699115044247787,-1.0,1.0
0.04132231404958678,-0.024793388429752067,-0.01652892561983471,-0.008264462809917356,0.01652892561983471,-0.05785123966942149,0.04132231404958678,0.01652892561983471,-0.024793388429752067,0.2975206611570249,-0.008264462809917356,0.8181818181818182,-0.03305785123966942,0.0,-0.0743801652892562,1.0,0.0
-0.006451612903225795,0.0,0.006451612903225806,-0.006451612903225809,0.03870967741935484,-0.03870967741935484,0.04516129032258064,-0.03225806451612903,-0.006451612903225806,0.23225806451612896,-0.3419354838709677,1.0516129032258064,0.0,0.03174603174603163,0.0,-1.0,0.0
0.009259259259259245,-0.018518518518518517,-0.018518518518518517,0.027777777777777776,-0.009259259259259259,-0.08333333333333333,0.06481481481481481,0.027777777777777776,-0.009259259259259259,0.6481481481481483,0.08333333333333333,0.9351851851851852,0.0,-0.32432432432432434,0.0,-1.0,0.0
0.043956043956043966,0.01098901098901099,0.010989010989010988,0.04395604395604396,-0.021978021978021976,-0.010989010989010992,-0.07692307692307693,0.010989010989010988,-0.010989010989010988,-0.6043956043956045,0.02197802197802198,0.978021978021978,0.0,0.6206896551724137,0.03296703296703296,1.0,1.0
0.012048192771084348,0.0,0.03614457831325301,0.0,-0.024096385542168676,0.0,-0.012048192771084335,0.0,0.03614457831325301,-0.012048192771084376,0.012048192771084338,0.6385542168674698,0.0,0.3684210526315789,0.060240963855421686,1.0,0.0
0.05102040816326531,0.0,-0.020408163265306124,0.0,-0.030612244897959183,-0.020408163265306117,-0.010204081632653062,0.030612244897959186,-0.030612244897959183,-0.09183673469387754,0.01020408163265306,0.4387755102040816,-0.01020408163265306,0.7999999999999998,-0.020408163265306124,1.0,0.0
-0.03409090909090909,0.0,0.03409090909090909,0.05681818181818182,0.0,-0.04545454545454546,0.0,-0.01136363636363636,-0.011363636363636367,-0.011363636363636354,0.10227272727272728,1.0340909090909092,-0.011363636363636364,-0.3214285714285716,0.0,1.0,0.0
-0.16666666666666669,-0.013888888888888888,0.05555555555555555,-0.013888888888888895,0.041666666666666664,0.06944444444444445,0.013888888888888888,0.013888888888888888,-0.013888888888888888,-0.1527777777777778,0.05555555555555555,1.1666666666666667,0.0,-0.125,0.013888888888888888,1.0,0.0
0.010638297872340441,0.0,-0.042553191489361694,-0.053191489361702135,0.031914893617021274,0.031914893617021274,0.021276595744680854,0.0,-0.010638297872340427,0.6063829787234042,0.09574468085106383,0.6063829787234043,0.0,0.0,-0.02127659574468085,1.0,0.0
0.05,-0.06666666666666667,0.0,0.016666666666666677,0.03333333333333333,-0.033333333333333326,-0.03333333333333333,0.033333333333333326,-0.016666666666666663,-0.6666666666666667,-0.5,0.03333333333333333,0.0,-0.20833333333333337,0.03333333333333334,1.0,0.0
-0.020202020202020207,0.0,0.010101010101010097,0.05050505050505051,0.0,-0.030303030303030304,0.03030303030303031,-0.030303030303030304,0.030303030303030304,-0.6868686868686869,-0.48484848484848486,0.2222222222222222,0.0,0.0,0.0,1.0,0.0
-0.012987012987012991,0.0,0.03896103896103896,0.012987012987012991,0.03896103896103896,-0.012987012987012991,0.0,-0.051948051948051945,0.02597402597402597,-0.051948051948051965,0.5584415584415584,1.103896103896104,0.0,0.0,0.03896103896103895,1.0,0.0
0.0,0.0,0.010309278350515464,0.05154639175257733,-0.061855670103092786,0.051546391752577324,0.010309278350515462,-0.05154639175257732,0.041237113402061855,-0.6185567010309279,0.08247422680412371,1.1855670103092784,0.0,-0.6666666666666666,0.0,1.0,0.0
0.04255319148936171,0.010638297872340425,-0.010638297872340427,-0.03191489361702128,0.01063829787234042,-0.021276595744680847,0.0,0.0,-0.010638297872340427,0.02127659574468077,-0.24468085106382978,0.3723404255319149,0.0,0.18918918918918926,0.0,-1.0,0.0
-0.021276595744680854,0.0,0.0,-0.021276595744680854,0.021276595744680854,-0.021276595744680854,0.010638297872340424,0.03191489361702128,-0.03191489361702128,0.06382978723404253,-0.19148936170212766,0.8936170212765957,0.0,-0.3684210526315791,-0.0425531914893617,1.0,1.0
0.0,-0.019417475728155338,0.03883495145631068,0.009708737864077666,-0.02912621359223301,-0.019417475728155338,0.04854368932038835,-0.019417475728155338,0.019417475728155338,0.09708737864077666,0.0,1.2718446601941749,0.0,1.2682926829268293,0.009708737864077673,-1.0,0.0
0.018518518518518517,0.0,0.027777777777777776,0.009259259259259259,-0.05555555555555555,-0.037037037037037035,0.018518518518518517,0.018518518518518517,0.018518518518518517,-0.9814814814814814,-0.37037037037037035,0.16666666666666666,0.0,0.5151515151515151,0.07407407407407407,-1.0,1.0
-0.007407407407407418,-0.007407407407407408,0.014814814814814812,-0.007407407407407404,0.0,-0.037037037037037035,0.05185185185185185,0.0,0.0,1.3777777777777778,0.725925925925926,0.4222222222222222,0.0,-0.32352941176470584,-0.02222222222222222,1.0,0.0
0.07228915662650603,0.0,0.0,-0.03614457831325302,-0.060240963855421686,-0.036144578313253004,0.07228915662650603,0.0,0.0,-0.3855421686746988,0.927710843373494,0.5060240963855421,0.0,0.3333333333333333,0.024096385542168672,1.0,1.0
-0.03669724770642202,0.0,0.009174311926605505,-0.009174311926605505,0.03669724770642202,-0.01834862385321101,0.045871559633027525,-0.01834862385321101,-0.03669724770642202,0.9357798165137614,0.10091743119266056,1.165137614678899,0.0,0.0,-0.06422018348623854,-1.0,0.0
0.018518518518518517,-0.009259259259259259,0.018518518518518517,0.009259259259259259,0.0,0.0,-0.05555555555555555,0.018518518518518517,0.0,-1.9999999999999998,-0.5370370370370371,0.0,0.0,0.5555555555555556,0.0,1.0,1.0
0.027777777777777776,0.0,-0.013888888888888888,-0.06944444444444445,-0.05555555555555555,0.05555555555555555,-0.06944444444444445,0.125,-0.013888888888888888,0.5833333333333333,0.3194444444444444,0.9166666666666666,-0.013888888888888888,0.0,-0.013888888888888888,1.0,0.0
0.12698412698412698,0.0,0.015873015873015872,-0.047619047619047616,0.015873015873015872,-0.031746031746031744,-0.031746031746031744,-0.031746031746031744,0.031746031746031744,0.19047619047619052,0.5714285714285714,0.6666666666666666,0.0,-0.21621621621621623,-0.031746031746031744,-1.0,0.0
0.0,-0.012658227848101266,-0.02531645569620253,0.025316455696202535,-0.012658227848101266,0.07594936708860761,-0.0379746835443038,0.0,0.012658227848101267,-0.08860759493670889,0.4050632911392405,1.1265822784810127,0.0,-0.17647058823529416,0.0,1.0,0.0
0.03260869565217389,-0.010869565217391304,0.010869565217391304,0.0,-0.021739130434782608,-0.010869565217391304,0.010869565217391297,-0.010869565217391304,0.0,0.07608695652173914,-0.010869565217391304,0.9782608695652174,0.0,-0.6428571428571428,0.021739130434782608,1.0,0.0
-0.01834862385321101,0.027522935779816515,0.03669724770642202,0.009174311926605505,-0.01834862385321101,0.0,0.01834862385321101,-0.045871559633027525,0.09174311926605505,-0.08256880733944971,0.09174311926605505,0.8440366972477065,0.027522935779816515,-0.2127659574468086,0.05504587155963303,-1.0,1.0
-0.03875968992248062,0.0,0.023255813953488372,0.031007751937984496,0.0,-0.023255813953488372,0.046511627906976744,-0.031007751937984496,0.03875968992248062,-0.17829457364341095,0.046511627906976744,0.43410852713178294,0.0,0.0,0.09302325581395349,1.0,0.0
-0.09574468085106383,-0.010638297872340427,-0.02127659574468085,0.05319148936170213,-0.02127659574468085,-0.05319148936170213,0.06382978723404256,0.0851063829787234,-0.0425531914893617,0.9893617021276596,0.010638297872340425,0.4787234042553192,-0.010638297872340425,0.7272727272727273,-0.11702127659574468,-1.0,0.0
-0.07407407407407407,0.0,0.027777777777777776,0.0,-0.009259259259259259,0.037037037037037035,-0.027777777777777776,0.046296296296296294,-0.027777777777777776,0.5370370370370371,-0.19444444444444445,0.48148148148148145,0.0,-1.064516129032258,-0.05555555555555555,-1.0,0.0
0.07086614173228346,-0.007874015748031496,0.0,0.023622047244094488,-0.015748031496062992,0.007874015748031496,-0.06299212598425197,-0.007874015748031496,-0.007874015748031496,-1.3543307086614174,-0.11023622047244094,0.968503937007874,0.0,-0.19512195121951215,0.05511811023622047,-1.0,1.0
0.05319148936170212,0.0,-0.02127659574468085,-0.03191489361702127,-0.010638297872340427,0.07446808510638298,-0.05319148936170212,-0.010638297872340424,0.02127659574468085,0.05319148936170215,-0.1702127659574468,0.8191489361702128,0.0,0.0,-0.0425531914893617,-1.0,0.0
0.0144927536231884,0.0,0.028985507246376815,0.043478260869565216,-0.014492753623188408,-0.07246376811594203,0.05797101449275363,-0.043478260869565216,0.014492753623188404,0.17391304347826075,0.5217391304347826,0.4057971014492754,0.0,-0.3,0.014492753623188404,1.0,0.0
0.009803921568627472,0.0,-0.029411764705882353,0.009803921568627458,-0.0392156862745098,-0.05882352941176471,0.06862745098039216,0.0392156862745098,-0.0196078431372549,0.6176470588235294,-0.5686274509803921,0.7941176470588235,0.0,0.25,-0.0196078431372549,1.0,0.0
0.10869565217391305,-0.021739130434782608,0.0,-0.04347826086956522,-0.03260869565217391,-0.021739130434782608,0.010869565217391297,0.0,-0.021739130434782615,-0.15217391304347827,0.20652173913043478,0.16304347826086957,0.0,0.9090909090909091,0.010869565217391304,1.0,0.0
0.04255319148936172,-0.028368794326241138,0.014184397163120567,0.035460992907801414,0.014184397163120567,0.0,-0.028368794326241134,-0.04255319148936171,-0.007092198581560287,0.5957446808510638,0.41843971631205673,0.9645390070921985,0.0,-1.5849056603773584,0.007092198581560287,-1.0,1.0
0.012345679012345678,0.012345679012345678,0.012345679012345678,-0.06172839506172839,-0.012345679012345678,-0.012345679012345678,0.04938271604938271,0.012345679012345678,0.0,0.34567901234567905,0.0,0.8765432098765432,0.0,0.9500000000000002,0.012345679012345678,1.0,0.0
-0.019801980198019792,0.0,-0.0396039603960396,-0.0594059405940594,0.0297029702970297,0.039603960396039604,0.04950495049504951,0.009900990099009903,-0.0099009900990099,1.722772277227723,-0.0891089108910891,-0.4752475247524752,0.0,-0.02857142857142847,-0.0297029702970297,-1.0,0.0
-0.026785714285714288,0.008928571428571428,-0.008928571428571428,0.026785714285714288,-0.01785714285714285,0.044642857142857144,-0.04464285714285714,0.01785714285714286,-0.03571428571428571,0.3571428571428571,0.09821428571428571,0.5982142857142857,0.0,0.11904761904761907,0.0,1.0,0.0
-0.02247191011235955,-0.02247191011235955,0.07865168539325842,-0.0449438202247191,-0.0449438202247191,0.0449438202247191,0.056179775280898875,-0.033707865168539325,0.06741573033707865,-1.089887640449438,0.2247191011235955,1.0449438202247192,0.011235955056179775,0.0,0.11235955056179775,1.0,0.0
0.04938271604938271,0.012345679012345678,0.012345679012345678,0.0,0.012345679012345678,-0.024691358024691357,-0.04938271604938271,0.0,0.012345679012345678,-0.07407407407407407,-0.024691358024691357,0.9753086419753086,0.012345679012345678,-0.20930232558139572,0.0,-1.0,0.0
-0.021739130434782594,0.0,0.021739130434782608,-0.043478260869565216,0.0,-0.010869565217391304,0.04347826086956522,0.010869565217391304,-0.010869565217391304,-0.0869565217391306,0.29347826086956524,0.8043478260869565,-0.010869565217391304,-0.3999999999999999,0.021739130434782608,-1.0,0.0
-0.011363636363636354,0.0,0.011363636363636364,-0.022727272727272707,0.011363636363636367,0.0,0.03409090909090909,-0.022727272727272728,0.022727272727272728,-0.875,0.0,0.9545454545454546,0.0,-0.25,0.022727272727272728,1.0,0.0
0.06796116504854369,0.0,0.009708737864077669,0.019417475728155345,0.01941747572815533,-0.019417475728155338,0.0,-0.08737864077669903,0.029126213592233007,-0.11650485436893199,-0.21359223300970873,0.9805825242718447,0.0,-0.2727272727272727,0.02912621359223301,1.0,1.0
-0.01052631578947369,0.0,0.0,0.02105263157894738,-0.010526315789473682,0.031578947368421054,0.02105263157894737,-0.04210526315789473,0.010526315789473682,0.34736842105263155,-0.021052631578947368,0.8526315789473684,0.0,0.5555555555555556,0.010526315789473686,-1.0,1.0
0.038759689922480633,0.015503875968992248,-0.023255813953488372,0.0,0.0,-0.007751937984496124,0.0,-0.015503875968992248,-0.031007751937984496,-0.3333333333333335,0.3178294573643411,0.5503875968992248,-0.007751937984496124,1.1176470588235294,-0.031007751937984496,1.0,0.0
-0.0078125,-0.015625,0.0234375,-0.0390625,-0.0390625,0.03125,-0.0078125,0.0546875,0.0,0.6015625,0.5546875,-0.0625,0.0,-0.40384615384615374,-0.015625,1.0,0.0
0.009174311926605505,-0.009174311926605505,-0.01834862385321101,0.027522935779816515,0.01834862385321101,0.027522935779816515,-0.009174311926605505,-0.03669724770642202,0.01834862385321101,1.2752293577981653,0.13761467889908258,0.3394495412844037,0.0,0.08571428571428585,0.027522935779816515,1.0,0.0
0.041666666666666685,0.0,-0.016666666666666666,0.008333333333333345,-0.033333333333333326,-0.041666666666666664,0.058333333333333334,-0.01666666666666667,-0.008333333333333331,0.08333333333333337,-0.7,-0.3416666666666667,0.008333333333333333,0.36363636363636365,0.01666666666666667,1.0,1.0
0.07894736842105264,-0.013157894736842105,-0.013157894736842105,0.0,-0.05263157894736842,-0.02631578947368421,-0.013157894736842105,0.039473684210526314,-0.02631578947368421,0.7236842105263159,0.21052631578947367,0.15789473684210525,0.0,-0.4666666666666668,0.013157894736842105,1.0,0.0
0.04166666666666666,0.008333333333333333,-0.04166666666666667,0.02500000000000001,-0.008333333333333331,0.016666666666666663,-0.09166666666666667,0.05,0.0,-1.2083333333333333,-0.3333333333333333,1.0,0.0,1.4186046511627908,-0.008333333333333331,-1.0,0.0
0.0707070707070707,0.0101010101010101,0.010101010101010102,-0.05050505050505051,-0.030303030303030304,0.010101010101010097,-0.010101010101010104,0.0,0.030303030303030297,-1.2828282828282829,0.18181818181818182,1.1818181818181819,0.0,0.17241379310344818,0.0404040404040404,-1.0,1.0
0.08045977011494254,0.0,0.0,-0.022988505747126436,-0.011494252873563218,0.022988505747126436,-0.011494252873563218,-0.04597701149425287,0.04597701149425287,0.06896551724137945,-0.13793103448275862,0.7931034482758621,0.011494252873563218,0.9444444444444444,0.05747126436781609,1.0,0.0
-0.019230769230769246,0.019230769230769232,-0.0673076923076923,0.009615384615384609,0.0673076923076923,-0.019230769230769232,0.0,0.009615384615384616,-0.038461538461538464,0.9423076923076923,0.0673076923076923,0.25961538461538464,-0.009615384615384616,0.0,-0.019230769230769232,1.0,0.0
-0.04000000000000001,0.0,0.008,-0.007999999999999993,0.008,0.07200000000000001,-0.048,0.016,0.0,0.5760000000000001,0.216,0.128,0.0,0.0,-0.024,-1.0,0.0
0.023809523809523808,-0.015873015873015872,-0.031746031746031744,0.05555555555555555,-0.007936507936507936,0.007936507936507936,-0.06349206349206349,0.031746031746031744,-0.007936507936507936,0.9920634920634921,0.15873015873015872,1.3333333333333333,0.0,-0.05555555555555558,0.007936507936507936,1.0,0.0
-0.01052631578947369,0.0,-0.021052631578947364,-0.01052631578947369,0.042105263157894736,-0.03157894736842107,0.031578947368421054,0.010526315789473682,-0.031578947368421054,0.21052631578947373,0.28421052631578947,1.2,0.0,0.0512820512820511,-0.010526315789473686,-1.0,1.0
0.015625,-0.0078125,0.0,-0.0234375,0.0078125,-0.015625,-0.0390625,0.0625,-0.0234375,-0.25,-0.2578125,0.640625,0.0078125,0.4651162790697674,-0.0078125,-1.0,1.0
0.0,0.0,-0.03125000000000001,-0.020833333333333343,-0.020833333333333336,-0.010416666666666668,-0.020833333333333336,0.10416666666666666,-0.0625,0.9583333333333334,0.0,0.8958333333333334,0.0,0.14285714285714285,-0.03125,1.0,0.0
-0.020408163265306117,-0.020408163265306124,-0.010204081632653066,-0.04081632653061225,0.020408163265306124,0.030612244897959183,0.04081632653061224,0.0,0.020408163265306124,-0.30612244897959184,-0.07142857142857142,-0.2755102040816326,-0.01020408163265306,1.069767441860465,0.0,-1.0,1.0
0.09803921568627451,-0.0392156862745098,-0.00980392156862745,-0.01960784313725491,-0.00980392156862745,-0.009803921568627444,-0.0196078431372549,0.00980392156862745,0.04901960784313726,-1.833333333333333,0.13725490196078433,0.5196078431372549,0.00980392156862745,-0.5806451612903225,0.00980392156862745,-1.0,0.0
0.09195402298850576,0.0,-0.04597701149425287,-0.011494252873563218,-0.034482758620689655,-0.08045977011494253,0.0,0.09195402298850576,-0.034482758620689655,0.6781609195402301,0.5747126436781609,0.20689655172413793,0.0,-0.32258064516129026,-0.08045977011494253,-1.0,1.0
0.06493506493506493,0.0,0.025974025974025976,-0.0779220779220779,-0.012987012987012991,0.025974025974025976,0.012987012987012984,-0.025974025974025972,0.012987012987012988,-0.2987012987012987,0.012987012987012988,0.5454545454545454,-0.012987012987012988,-1.131578947368421,0.025974025974025976,1.0,0.0
0.010869565217391325,0.0,-0.021739130434782615,0.0,-0.021739130434782608,-0.07608695652173914,0.05434782608695653,0.05434782608695652,-0.03260869565217392,-0.10869565217391308,-0.2717391304347826,0.7934782608695652,0.0,0.0,0.0,-1.0,0.0
0.02985074626865672,0.0,0.014925373134328358,-0.04477611940298508,0.0,0.014925373134328358,0.0,0.0,0.014925373134328358,-0.47761194029850745,0.07462686567164178,1.0298507462686568,0.014925373134328358,-0.606060606060606,0.04477611940298507,-1.0,0.0
0.010526315789473661,0.010526315789473684,-0.01052631578947369,0.010526315789473675,-0.010526315789473682,0.0,0.021052631578947364,-0.021052631578947364,0.06315789473684211,-0.5052631578947367,0.12631578947368421,0.6947368421052632,0.0,0.5,0.052631578947368425,1.0,0.0
0.01612903225806453,0.0,-0.016129032258064516,0.0,0.06451612903225806,0.03225806451612903,-0.11290322580645161,0.016129032258064516,-0.016129032258064516,-0.25806451612903225,0.16129032258064516,0.7741935483870968,0.0,0.04166666666666674,-0.016129032258064516,1.0,0.0
-0.04761904761904763,0.061224489795918366,0.07482993197278912,0.0,0.006802721088435382,0.01360544217687075,-0.06802721088435373,-0.03401360544217687,0.0,-0.346938775510204,-1.0748299319727892,0.8503401360544217,0.0,-0.34090909090909083,0.0,1.0,0.0
0.04054054054054054,-0.06756756756756757,0.0,0.0,0.013513513513513514,0.04054054054054054,-0.08108108108108109,0.05405405405405406,-0.05405405405405406,-0.5675675675675677,-0.28378378378378377,0.6621621621621622,0.013513513513513514,0.5,0.0,1.0,0.0
0.04838709677419356,0.0,-0.008064516129032258,-0.016129032258064516,-0.016129032258064516,-0.040322580645161296,0.0,0.03225806451612903,0.0,-0.7419354838709677,0.06451612903225806,0.47580645161290325,0.008064516129032258,0.7142857142857143,0.016129032258064516,1.0,0.0
0.0,-0.021052631578947368,0.0,0.0,0.010526315789473682,0.031578947368421054,0.0,-0.010526315789473686,0.010526315789473682,1.1578947368421053,-0.30526315789473685,0.9789473684210527,0.010526315789473684,-0.7666666666666664,-0.01052631578947369,1.0,0.0
0.006756756756756743,0.013513513513513514,0.013513513513513514,-0.013513513513513514,0.006756756756756757,-0.013513513513513514,-0.05405405405405406,0.04054054054054054,-0.006756756756756757,-1.4662162162162162,-0.7905405405405406,0.8851351351351351,0.0,2.0384615384615383,-0.02702702702702703,1.0,1.0
0.04166666666666666,-0.010416666666666666,0.010416666666666666,-0.020833333333333343,-0.010416666666666671,-0.010416666666666671,-0.010416666666666671,0.010416666666666664,-0.052083333333333336,-0.2604166666666665,-0.11458333333333333,0.4791666666666667,0.0,-0.575,-0.020833333333333336,1.0,0.0
0.008000000000000007,0.008,0.008,0.032,0.016,-0.032,0.0,-0.031999999999999994,-0.032,-0.496,-0.288,0.72,0.008,-0.588235294117647,-0.008,-1.0,1.0
-0.08510638297872342,0.0,-0.031914893617021274,0.03191489361702128,0.031914893617021274,-0.010638297872340427,0.03191489361702128,0.031914893617021274,-0.031914893617021274,1.4680851063829785,0.10638297872340426,0.7978723404255319,-0.010638297872340425,0.37142857142857144,-0.09574468085106383,-1.0,0.0
-0.045454545454545456,0.0,0.022727272727272728,-0.06818181818181819,0.022727272727272735,0.045454545454545456,-0.022727272727272728,0.04545454545454545,0.0,-0.7954545454545453,-0.13636363636363635,0.7386363636363636,0.0,0.2727272727272728,0.03409090909090909,1.0,0.0
0.06521739130434784,0.0,0.0,-0.043478260869565216,0.0,0.021739130434782608,-0.043478260869565216,0.0,-0.021739130434782608,0.08695652173913049,-0.021739130434782608,-0.043478260869565216,0.0,-0.1111111111111111,-0.021739130434782608,-1.0,1.0
0.078125,0.0,0.015625,0.015625,-0.015625,-0.015625,0.0078125,-0.0859375,0.015625,-1.6484375,-0.4140625,0.984375,0.0078125,-0.07999999999999996,0.0625,1.0,1.0
-0.01612903225806453,0.021505376344086023,0.0,0.043010752688172046,0.0,0.043010752688172046,-0.06989247311827956,-0.021505376344086023,0.026881720430107524,-0.854838709677419,-0.010752688172043012,0.44623655913978494,0.005376344086021506,-0.06896551724137923,-0.01612903225806452,-1.0,0.0
-0.08620689655172414,-0.017241379310344827,0.05172413793103448,0.06896551724137931,-0.06896551724137931,-0.017241379310344827,0.08620689655172414,-0.017241379310344827,0.0,-0.3448275862068966,-0.20689655172413793,1.1551724137931034,0.0,-0.26315789473684226,0.034482758620689655,1.0,0.0
0.04629629629629631,0.009259259259259259,-0.027777777777777776,-0.018518518518518517,-0.009259259259259259,-0.027777777777777776,-0.027777777777777776,0.05555555555555555,-0.018518518518518517,0.37037037037037035,-0.046296296296296294,0.9629629629629629,-0.009259259259259259,0.7288135593220337,-0.037037037037037035,-1.0,0.0
-0.009345794392523366,-0.009345794392523364,0.009345794392523366,0.009345794392523366,-0.01869158878504673,-0.009345794392523366,0.037383177570093455,0.0,0.056074766355140186,0.130841121495327,-0.018691588785046728,0.4392523364485981,0.0,0.28846153846153855,0.06542056074766354,1.0,1.0
0.046511627906976744,-0.023255813953488372,-0.023255813953488372,0.023255813953488372,0.046511627906976744,0.0,-0.046511627906976744,0.0,-0.046511627906976744,0.09302325581395343,0.023255813953488372,0.9069767441860465,-0.023255813953488372,0.0,-0.06976744186046512,-1.0,1.0
-0.015999999999999986,0.008,-0.04,0.007999999999999993,0.039999999999999994,0.072,-0.032,-0.032,0.016,-0.5040000000000001,-0.256,0.544,0.0,1.0612244897959184,0.032,-1.0,0.0
-0.018181818181818188,0.0,0.0,-0.009090909090909094,-0.009090909090909087,0.01818181818181818,-0.018181818181818174,0.03636363636363636,0.00909090909090909,-0.28181818181818186,-0.02727272727272727,0.02727272727272727,0.0,0.5,0.027272727272727268,1.0,0.0
-0.05263157894736842,0.0,0.0,-0.017543859649122806,0.008771929824561403,0.08771929824561403,-0.05263157894736842,0.02631578947368421,0.0,0.48245614035087725,-0.07017543859649122,0.9385964912280702,0.0,-0.2222222222222221,-0.043859649122807015,1.0,0.0
0.09090909090909088,0.010101010101010102,-0.0101010101010101,0.010101010101010104,-0.08080808080808083,-0.06060606060606061,0.050505050505050504,0.0,0.050505050505050504,-0.31313131313131315,0.48484848484848486,0.3434343434343434,-0.010101010101010102,0.0,0.05050505050505051,-1.0,0.0
0.09009009009009009,-0.01801801801801802,0.0,0.0,0.04504504504504504,0.0,-0.06306306306306306,-0.04504504504504505,0.018018018018018014,1.2522522522522523,0.10810810810810811,0.06306306306306306,0.009009009009009009,-0.875,-0.03603603603603603,1.0,0.0
0.01980198019801982,0.03960396039603961,0.009900990099009901,0.019801980198019806,0.019801980198019806,0.0297029702970297,-0.039603960396039604,-0.0891089108910891,0.0297029702970297,1.2574257425742577,0.009900990099009901,0.26732673267326734,0.009900990099009901,-0.6666666666666665,0.0297029702970297,-1.0,0.0
0.035398230088495575,-0.017699115044247787,0.02654867256637168,0.017699115044247787,-0.035398230088495575,-0.017699115044247787,-0.008849557522123894,0.008849557522123894,0.008849557522123894,-0.4424778761061947,0.24778761061946902,0.26548672566371684,0.0,-0.8333333333333335,0.0,1.0,0.0
0.022727272727272707,-0.06818181818181818,-0.011363636363636364,0.022727272727272735,0.02272727272727272,0.0,-0.022727272727272728,0.03409090909090909,-0.045454545454545456,-0.05681818181818177,0.022727272727272728,0.8181818181818182,-0.011363636363636364,0.5333333333333332,-0.06818181818181818,-1.0,0.0
-0.04210526315789473,0.0,-0.010526315789473682,0.01052631578947369,-0.0736842105263158,0.010526315789473684,0.052631578947368425,0.06315789473684211,0.0,1.8105263157894735,0.4631578947368421,0.10526315789473684,0.0,0.13513513513513514,-0.06315789473684211,-1.0,0.0
-0.0352112676056338,0.007042253521126758,-0.014084507042253516,-0.007042253521126758,0.035211267605633804,0.0,-0.021126760563380278,0.0352112676056338,-0.0352112676056338,0.5211267605633803,0.4225352112676056,0.8943661971830986,-0.007042253521126761,0.8,-0.02112676056338028,-1.0,0.0
0.0,-0.014492753623188406,-0.014492753623188406,-0.0144927536231884,0.014492753623188406,0.0,0.043478260869565216,0.0,0.014492753623188406,1.1594202898550723,0.08695652173913043,0.9420289855072463,0.0,0.3142857142857143,-0.014492753623188408,-1.0,0.0
0.03603603603603603,-0.018018018018018014,-0.00900900900900901,0.0,-0.009009009009009014,-0.009009009009009014,0.02702702702702703,-0.009009009009009007,0.009009009009009007,-0.7387387387387386,-0.42342342342342343,0.9459459459459459,0.0,-1.1052631578947367,0.02702702702702703,1.0,0.0
-0.024999999999999994,0.0,0.03333333333333333,-0.04166666666666667,0.024999999999999994,-0.058333333333333334,0.03333333333333333,0.03333333333333333,-0.03333333333333334,-0.7000000000000001,0.08333333333333333,-0.24166666666666667,0.0,1.7894736842105265,0.016666666666666666,1.0,1.0
0.021739130434782608,-0.021739130434782608,-0.043478260869565216,-0.028985507246376815,0.036231884057971016,-0.03623188405797101,0.028985507246376812,0.043478260869565216,-0.036231884057971016,0.21739130434782616,0.5507246376811594,0.8260869565217391,0.0,-0.6842105263157895,-0.014492753623188404,1.0,0.0
-0.01818181818181816,-0.02424242424242424,-0.0060606060606060615,-0.018181818181818188,0.02424242424242424,-0.012121212121212123,-0.04242424242424242,0.10303030303030303,-0.03636363636363636,0.35757575757575744,-0.10303030303030303,0.9272727272727272,0.006060606060606061,0.125,-0.012121212121212123,1.0,1.0
0.04878048780487804,0.008130081300813009,-0.016260162601626015,0.024390243902439032,-0.03252032520325203,0.024390243902439022,-0.00813008130081301,-0.04065040650406505,0.04065040650406505,-0.17886178861788604,-0.14634146341463414,0.24390243902439024,0.0,0.17391304347826092,0.016260162601626015,1.0,0.0
0.019607843137254916,0.0,0.0392156862745098,-0.09803921568627451,-0.0392156862745098,0.0784313725490196,0.0196078431372549,0.0,0.0392156862745098,-0.23529411764705888,0.0196078431372549,0.8823529411764706,0.0,0.0,0.058823529411764705,1.0,0.0
-0.026666666666666672,0.0,0.0,0.013333333333333322,-0.013333333333333336,0.0,0.013333333333333334,0.026666666666666665,-0.013333333333333334,0.1333333333333333,-0.04,0.7466666666666667,0.0,-0.3571428571428571,0.0,1.0,0.0
-0.04081632653061225,-0.01020408163265306,-0.04081632653061225,-0.03061224489795919,0.05102040816326531,0.061224489795918366,0.0,0.010204081632653059,-0.020408163265306124,1.0204081632653061,0.061224489795918366,0.5918367346938775,0.0,0.0,-0.030612244897959186,1.0,0.0
0.04285714285714287,0.014285714285714285,0.0,-0.07142857142857142,0.014285714285714285,0.05714285714285715,-0.07142857142857142,0.014285714285714285,0.014285714285714285,-0.15714285714285703,-0.5285714285714286,0.6142857142857143,0.0,0.0,0.028571428571428574,1.0,0.0
0.08333333333333334,-0.011904761904761904,0.011904761904761904,-0.011904761904761904,0.0,0.023809523809523808,-0.09523809523809525,0.0,0.023809523809523808,-0.11904761904761907,-0.15476190476190477,0.7023809523809523,0.0,0.0,0.047619047619047616,1.0,0.0
-0.03164556962025317,-0.03164556962025317,0.012658227848101267,0.012658227848101264,-0.02531645569620254,0.018987341772151903,0.02531645569620254,0.018987341772151896,-0.006329113924050632,0.5253164556962027,0.21518987341772153,0.8291139240506329,0.0,0.1071428571428572,0.012658227848101264,1.0,0.0
-0.014925373134328374,0.0,-0.014925373134328358,0.1044776119402985,0.0,0.059701492537313425,-0.08955223880597014,-0.029850746268656712,0.029850746268656712,0.13432835820895522,-0.014925373134328358,0.8507462686567164,0.0,-0.6170212765957448,0.014925373134328358,-1.0,1.0
0.06097560975609756,0.024390243902439025,-0.036585365853658534,-0.07317073170731708,-0.02439024390243902,0.08536585365853658,-0.04878048780487805,0.01219512195121951,0.012195121951219516,-0.573170731707317,0.21951219512195122,0.975609756097561,0.0,-0.2692307692307694,0.03658536585365854,1.0,0.0
-0.05263157894736842,0.0,0.05263157894736842,0.02105263157894737,0.0,0.0,0.09473684210526315,-0.10526315789473684,0.052631578947368425,-0.8105263157894737,-0.17894736842105263,0.17894736842105263,0.010526315789473684,0.16666666666666669,0.07368421052631578,1.0,0.0
-0.033898305084745756,-0.04237288135593221,-0.008474576271186442,0.008474576271186446,0.016949152542372878,-0.008474576271186439,-0.025423728813559324,0.09322033898305085,-0.03389830508474576,-0.3728813559322033,0.0847457627118644,0.3813559322033898,-0.00847457627118644,0.33928571428571397,-0.0423728813559322,1.0,0.0
-0.010752688172043015,0.03225806451612903,-0.010752688172043015,0.06451612903225806,0.0,-0.053763440860215055,0.0967741935483871,-0.10752688172043011,0.010752688172043015,0.16129032258064524,-0.2903225806451613,0.40860215053763443,0.010752688172043012,0.0,0.0,-1.0,1.0
-0.05494505494505496,0.01098901098901099,0.02197802197802198,-0.010989010989010992,0.0,0.054945054945054944,0.010989010989010992,-0.021978021978021976,-0.010989010989010992,0.13186813186813184,0.04395604395604396,0.5604395604395604,0.0,0.6792452830188678,0.010989010989010992,-1.0,0.0
0.05759162303664922,0.010471204188481676,-0.01570680628272251,0.0,-0.010471204188481673,-0.005235602094240843,-0.03664921465968586,0.005235602094240836,0.020942408376963345,0.47120418848167533,-0.005235602094240838,-0.020942408376963352,0.0,0.8936170212765958,0.0,-1.0,0.0
0.036585365853658514,0.0,0.006097560975609755,-0.03048780487804878,-0.01829268292682927,-0.054878048780487805,0.0,0.06097560975609756,0.0,-0.012195121951219301,0.12195121951219512,0.5365853658536586,0.012195121951219513,0.0,0.01829268292682927,-1.0,0.0
0.03529411764705884,0.011764705882352941,0.0,-0.03529411764705882,0.03529411764705882,0.0,-0.03529411764705882,0.0,0.011764705882352941,-0.18823529411764706,-0.3176470588235294,0.24705882352941178,0.0,0.7105263157894739,-0.011764705882352941,1.0,1.0
-0.037735849056603765,0.0,-0.03773584905660377,-0.018867924528301883,0.0660377358490566,0.05660377358490567,-0.056603773584905655,0.028301886792452834,-0.02830188679245283,0.14150943396226423,-0.009433962264150943,0.2358490566037736,0.0,0.17647058823529405,-0.009433962264150948,-1.0,0.0
0.038961038961038974,0.0,0.012987012987012988,0.03896103896103896,-0.03896103896103896,-0.02597402597402597,-0.012987012987012991,0.0,0.051948051948051945,0.01298701298701288,0.2857142857142857,0.6753246753246753,0.0,0.3529411764705883,0.05194805194805194,1.0,0.0
0.02105263157894738,-0.010526315789473684,0.042105263157894736,0.01052631578947369,-0.052631578947368425,0.02105263157894737,0.031578947368421054,-0.05263157894736842,0.06315789473684211,-1.336842105263158,-0.14736842105263157,0.9157894736842105,0.010526315789473684,-0.679245283018868,0.09473684210526315,-1.0,1.0
0.02631578947368421,-0.02631578947368421,-0.03508771929824561,0.008771929824561403,-0.02631578947368421,0.0,-0.008771929824561403,0.06140350877192982,-0.043859649122807015,0.0,-0.22807017543859648,0.7192982456140351,0.008771929824561403,-0.5499999999999998,-0.07017543859649122,1.0,0.0
-0.012195121951219523,-0.024390243902439025,0.012195121951219513,-0.04878048780487805,0.06097560975609756,0.0,0.0,0.012195121951219516,-0.024390243902439025,1.353658536585366,0.012195121951219513,0.5121951219512195,-0.012195121951219513,-0.25,-0.08536585365853658,1.0,1.0
-0.03763440860215053,0.0,-0.021505376344086023,0.03225806451612903,0.021505376344086016,0.016129032258064516,0.0,-0.010752688172043008,-0.02150537634408602,0.10752688172043023,0.08064516129032258,0.23118279569892472,0.0,1.846153846153846,-0.0053763440860215075,1.0,0.0
-0.037500000000000006,0.0125,0.0125,-0.024999999999999994,0.037500000000000006,0.024999999999999994,-0.05,0.025,-0.012499999999999997,0.575,-0.025,1.0375,0.0,0.0,-0.012499999999999997,1.0,0.0
-0.007092198581560294,0.014184397163120567,0.0425531914893617,-0.035460992907801414,0.03546099290780142,-0.014184397163120567,0.0070921985815602835,-0.035460992907801414,0.014184397163120567,-0.7588652482269503,-0.18439716312056736,0.9078014184397163,-0.0070921985815602835,-0.17647058823529438,0.0,-1.0,0.0
0.045454545454545456,0.01136363636363636,0.01136363636363636,-0.034090909090909095,0.03409090909090909,-0.07954545454545454,0.022727272727272728,-0.011363636363636367,0.0,-0.8863636363636364,0.03409090909090909,-0.07954545454545454,0.011363636363636364,0.14814814814814814,0.01136363636363636,-1.0,0.0
0.013888888888888895,-0.013888888888888888,-0.013888888888888888,0.013888888888888895,0.0,0.013888888888888895,0.013888888888888888,-0.027777777777777776,0.04166666666666667,-0.08333333333333337,0.2222222222222222,0.4861111111111111,0.0,0.23076923076923062,0.041666666666666664,1.0,0.0
0.015873015873015872,0.0,0.0,-0.015873015873015872,0.007936507936507936,-0.007936507936507936,0.015873015873015872,-0.015873015873015872,0.0,-0.9761904761904762,-0.5,0.6984126984126984,0.0,0.5897435897435896,0.023809523809523808,-1.0,0.0
0.0,0.011904761904761904,-0.023809523809523808,0.011904761904761918,0.0,-0.03571428571428571,0.03571428571428571,0.0,0.023809523809523808,-1.2857142857142856,-0.20238095238095238,1.130952380952381,0.0,-0.5769230769230769,0.023809523809523808,1.0,1.0
-0.010989010989010978,0.0,-0.021978021978021976,0.03296703296703296,-0.03296703296703297,-0.021978021978021976,0.054945054945054944,0.010989010989010985,0.0,0.18681318681318682,-0.04395604395604396,0.9010989010989011,0.0,-0.15625,0.04395604395604395,1.0,0.0
-0.02702702702702703,0.0,-0.02702702702702703,0.04054054054054054,0.02702702702702703,-0.02702702702702703,0.013513513513513514,0.0,-0.04054054054054054,0.6216216216216217,0.02702702702702703,0.8108108108108109,0.0,0.17948717948717974,-0.06756756756756757,-1.0,0.0
0.01052631578947369,0.0,-0.06315789473684211,0.04210526315789474,-0.010526315789473686,0.021052631578947368,-0.01052631578947369,0.021052631578947364,0.02105263157894737,0.6526315789473685,0.5052631578947369,-0.29473684210526313,0.0,-0.8,-0.02105263157894737,-1.0,0.0
-0.016129032258064502,0.0,-0.008064516129032258,-0.024193548387096774,0.008064516129032258,0.048387096774193554,-0.048387096774193554,0.040322580645161296,-0.024193548387096774,-0.06451612903225801,-0.20161290322580644,-0.12096774193548387,0.0,0.4029850746268657,-0.04838709677419355,-1.0,0.0
0.03157894736842104,0.0,0.010526315789473684,0.021052631578947364,-0.031578947368421054,-0.010526315789473682,-0.03157894736842105,0.021052631578947364,0.010526315789473684,0.010526315789473717,0.14736842105263157,1.1473684210526316,0.0,0.18181818181818188,-0.010526315789473682,1.0,0.0
-0.020202020202020193,0.0404040404040404,0.020202020202020204,-0.11111111111111112,0.0101010101010101,0.0303030303030303,0.04040404040404041,0.0,0.0404040404040404,-0.1717171717171716,-0.010101010101010102,0.4444444444444444,0.010101010101010102,0.17391304347826086,0.0,-1.0,0.0
-0.03076923076923077,-0.038461538461538464,0.015384615384615385,0.007692307692307693,-0.007692307692307693,-0.038461538461538464,0.08461538461538462,0.007692307692307693,-0.007692307692307693,0.4307692307692309,0.46923076923076923,0.3769230769230769,0.0,-0.6756756756756757,-0.015384615384615385,-1.0,0.0
0.01652892561983471,0.008264462809917356,-0.024793388429752067,-0.03305785123966942,0.09917355371900827,0.01652892561983471,-0.04132231404958678,-0.03305785123966942,-0.01652892561983471,0.05785123966942152,0.4132231404958678,1.578512396694215,0.008264462809917356,-0.7250000000000001,-0.008264462809917356,1.0,0.0
-0.04166666666666666,-0.010416666666666666,0.0,0.05208333333333333,0.020833333333333336,-0.04166666666666667,-0.010416666666666671,0.03125,-0.04166666666666667,1.1354166666666665,-0.010416666666666666,0.2708333333333333,0.0,0.3513513513513513,-0.0625,-1.0,1.0
0.03669724770642202,-0.009174311926605505,-0.01834862385321101,0.01834862385321101,0.009174311926605505,-0.027522935779816515,0.027522935779816515,-0.027522935779816515,0.01834862385321101,0.7889908256880734,-0.27522935779816515,1.5504587155963303,0.0,0.0,-0.009174311926605505,-1.0,0.0
-0.015503875968992248,0.015503875968992248,0.015503875968992248,-0.023255813953488372,0.031007751937984496,-0.007751937984496124,0.06976744186046513,-0.07751937984496124,0.0,-0.18604651162790686,-0.24031007751937986,0.8837209302325582,0.007751937984496124,0.6296296296296298,0.015503875968992248,1.0,0.0
0.045871559633027525,-0.009174311926605505,0.06422018348623854,0.0,-0.03669724770642202,-0.027522935779816515,0.027522935779816515,-0.05504587155963303,0.045871559633027525,-1.165137614678899,-0.44036697247706424,0.3577981651376147,0.009174311926605505,-0.15555555555555545,0.009174311926605505,-1.0,1.0
0.033707865168539325,0.033707865168539325,0.02247191011235955,-0.011235955056179775,-0.07865168539325842,0.011235955056179775,0.02247191011235955,-0.02247191011235955,0.011235955056179775,-0.6516853932584269,-0.11235955056179775,-0.1348314606741573,0.0,0.6176470588235294,0.056179775280898875,1.0,0.0
0.06818181818181818,0.0,0.0,-0.022727272727272728,0.04545454545454545,-0.045454545454545456,-0.04545454545454544,0.0,-0.022727272727272728,-0.13636363636363635,0.0,0.06818181818181818,0.0,0.0,0.0,1.0,0.0
0.04968944099378883,-0.006211180124223602,-0.024844720496894415,0.012422360248447215,-0.006211180124223604,-0.0186335403726708,0.018633540372670808,-0.018633540372670815,0.0,0.49689440993788825,-0.20496894409937888,0.4782608695652174,0.006211180124223602,-0.53125,0.043478260869565216,1.0,0.0
0.022727272727272735,0.0,-0.056818181818181816,-0.06818181818181818,0.011363636363636364,0.045454545454545456,0.045454545454545456,0.0,0.0,0.26136363636363635,0.03409090909090909,0.6363636363636364,0.0,0.0,0.022727272727272728,1.0,0.0
-0.0641025641025641,0.0,0.0,0.0,-0.012820512820512817,-0.025641025641025633,-0.05128205128205128,0.15384615384615385,-0.05128205128205128,-0.4871794871794871,-0.038461538461538464,0.14102564102564102,0.0,0.8333333333333333,-0.01282051282051282,1.0,0.0
-0.10666666666666667,-0.013333333333333334,0.026666666666666665,-0.026666666666666672,0.026666666666666665,0.013333333333333336,0.10666666666666666,-0.013333333333333336,0.013333333333333336,-0.5466666666666666,-0.10666666666666667,0.5333333333333333,0.0,0.45454545454545436,0.02666666666666667,-1.0,0.0
0.0,0.0,-0.019417475728155338,0.05825242718446602,-0.02912621359223301,0.038834951456310676,0.009708737864077666,-0.04854368932038835,0.009708737864077666,0.058252427184465994,-0.009708737864077669,-0.038834951456310676,0.009708737864077669,-0.6382978723404256,0.02912621359223301,-1.0,0.0
-0.030927835051546393,-0.010309278350515464,0.0,0.020618556701030938,0.05154639175257732,-0.020618556701030924,0.020618556701030924,-0.020618556701030924,0.010309278350515462,1.4845360824742266,0.030927835051546393,1.0103092783505154,0.0,0.0731707317073167,-0.03092783505154639,-1.0,0.0
0.019867549668874163,0.013245033112582783,0.01986754966887417,0.01324503311258278,0.019867549668874177,-0.00662251655629139,-0.019867549668874177,-0.05298013245033113,0.006622516556291392,-0.6556291390728477,-0.1456953642384106,0.9602649006622517,-0.006622516556291391,0.2881355932203391,0.02649006622516556,-1.0,1.0
0.0,0.0,0.037037037037037035,0.012345679012345678,-0.024691358024691357,0.012345679012345678,0.037037037037037035,-0.06172839506172839,0.012345679012345678,-0.04938271604938271,0.0,0.30864197530864196,0.0,0.050000000000000044,0.04938271604938271,1.0,0.0
0.0,0.0,0.009259259259259259,0.009259259259259259,0.0,-0.018518518518518517,0.0,0.0,-0.037037037037037035,-1.222222222222222,-0.2037037037037037,0.32407407407407407,0.0,0.3055555555555556,0.009259259259259259,1.0,0.0
0.04166666666666666,0.0,-0.05555555555555556,0.0,0.04166666666666667,-0.013888888888888895,-0.027777777777777776,0.013888888888888888,-0.08333333333333333,-0.11111111111111116,0.3194444444444444,-0.041666666666666664,0.0,-0.22448979591836732,-0.041666666666666664,-1.0,0.0
-0.047244094488188976,-0.007874015748031496,0.0,-0.015748031496062992,0.031496062992125984,0.023622047244094488,0.031496062992125984,-0.007874015748031496,0.0,0.09448818897637801,-0.13385826771653545,-0.3779527559055118,-0.007874015748031496,1.4324324324324322,0.007874015748031496,-1.0,0.0
-0.08888888888888889,0.0,0.03333333333333333,0.05555555555555555,-0.011111111111111113,-0.044444444444444446,0.02222222222222222,0.03333333333333333,-0.02222222222222222,-0.07777777777777772,-0.4111111111111111,0.4666666666666667,-0.011111111111111112,0.29729729729729737,-0.05555555555555555,-1.0,0.0
-0.04545454545454544,0.0,-0.022727272727272724,0.045454545454545456,0.022727272727272728,-0.01136363636363636,0.0,0.011363636363636367,-0.022727272727272724,-0.36363636363636365,0.0,0.045454545454545456,0.0,0.6000000000000001,-0.03409090909090909,-1.0,0.0
0.013888888888888895,0.0,-0.041666666666666664,0.08333333333333334,0.0,-0.013888888888888888,-0.027777777777777776,-0.013888888888888888,-0.041666666666666664,0.06944444444444442,0.013888888888888888,0.875,0.0,-0.5476190476190477,-0.041666666666666664,1.0,0.0
0.027522935779816515,0.027522935779816515,0.009174311926605505,-0.027522935779816515,-0.009174311926605505,0.05504587155963303,0.03669724770642202,-0.11009174311926606,0.03669724770642202,-2.293577981651376,-0.6330275229357798,-0.3394495412844037,0.0,0.0,0.09174311926605505,1.0,1.0
0.038095238095238085,0.009523809523809525,-0.047619047619047616,0.009523809523809525,0.0,0.06666666666666667,-0.06666666666666667,0.0,0.009523809523809518,-0.03809523809523818,0.638095238095238,0.5904761904761905,-0.009523809523809525,0.0,-0.009523809523809518,-1.0,1.0
0.045871559633027525,0.027522935779816515,-0.027522935779816515,-0.009174311926605505,0.0,-0.03669724770642202,0.0,0.009174311926605505,0.009174311926605505,0.5596330275229358,0.3669724770642202,0.3669724770642202,0.0,-0.6451612903225805,-0.045871559633027525,-1.0,1.0
0.011363636363636381,0.0,0.011363636363636364,-0.07954545454545456,0.022727272727272728,-0.011363636363636367,0.022727272727272728,0.022727272727272728,-0.022727272727272724,0.0,0.0,0.6363636363636364,0.0,-0.6595744680851063,0.0,-1.0,0.0
-0.05263157894736842,0.0,-0.017543859649122806,-0.03508771929824561,-0.017543859649122806,0.05263157894736842,0.02631578947368421,0.043859649122807015,0.008771929824561403,0.8508771929824561,0.38596491228070173,0.7894736842105263,0.0,0.0,-0.03508771929824561,1.0,0.0
0.013888888888888867,-0.013888888888888888,0.013888888888888888,0.09722222222222224,-0.013888888888888888,0.0,-0.08333333333333333,-0.013888888888888888,0.04166666666666667,-0.6388888888888888,-0.2222222222222222,1.0555555555555556,-0.013888888888888888,0.0,0.0,1.0,0.0
0.03797468354430379,0.025316455696202535,-0.012658227848101266,-0.025316455696202535,0.012658227848101264,-0.012658227848101264,-0.037974683544303806,0.025316455696202535,0.01265822784810127,-0.6962025316455696,0.10126582278481013,0.0759493670886076,0.0,-0.16666666666666666,0.037974683544303806,1.0,0.0
-0.09782608695652173,0.0,0.05434782608695652,0.03260869565217392,0.021739130434782608,-0.010869565217391304,0.03260869565217392,-0.03260869565217391,0.0,-0.8043478260869565,-0.44565217391304346,1.6195652173913044,0.0,-0.9565217391304348,0.0,-1.0,0.0
-0.06666666666666665,-0.008333333333333333,0.024999999999999994,-0.03333333333333333,0.024999999999999994,0.03333333333333333,-0.008333333333333331,0.03333333333333333,0.008333333333333331,-1.5166666666666668,0.275,0.325,0.0,-0.4642857142857142,0.01666666666666667,1.0,0.0
0.04166666666666666,0.013888888888888888,-0.027777777777777776,-0.041666666666666685,0.027777777777777783,0.0,0.0,-0.013888888888888888,-0.013888888888888888,0.02777777777777779,0.5138888888888888,0.2916666666666667,0.0,-0.5428571428571429,-0.027777777777777776,-1.0,0.0
0.011627906976744179,0.0,-0.011627906976744186,0.023255813953488372,-0.011627906976744186,0.0,-0.011627906976744186,0.0,-0.023255813953488372,-0.39534883720930236,-0.06976744186046512,1.697674418604651,-0.023255813953488372,0.0,0.0,-1.0,0.0
-0.008196721311475391,0.0,0.0,0.024590163934426222,-0.03278688524590164,0.049180327868852465,-0.02459016393442623,-0.008196721311475412,0.016393442622950817,0.1885245901639343,-0.06557377049180328,0.5163934426229508,0.0,0.5689655172413793,0.008196721311475412,1.0,0.0
0.09523809523809526,0.0,-0.07142857142857142,0.0,0.0,0.07142857142857142,-0.07142857142857142,-0.023809523809523808,0.0,0.023809523809523836,0.023809523809523808,0.42857142857142855,0.0,0.0,0.023809523809523808,1.0,1.0
-0.023041474654377864,0.018433179723502308,0.027649769585253454,-0.004608294930875577,0.041474654377880185,-0.03225806451612903,-0.004608294930875577,-0.0184331797235023,0.004608294930875577,-0.15207373271889413,-0.5253456221198156,0.6129032258064516,0.0,-0.2068965517241379,-0.004608294930875577,-1.0,1.0
-0.04081632653061225,0.0,0.006802721088435375,0.01360544217687075,0.04081632653061224,0.01360544217687075,0.006802721088435375,-0.03401360544217687,0.020408163265306117,0.15646258503401356,-0.08163265306122448,0.5170068027210885,0.0,0.0,0.027210884353741506,1.0,0.0
0.037974683544303806,0.0,0.012658227848101266,0.10126582278481011,0.025316455696202535,-0.06329113924050633,-0.11392405063291139,0.012658227848101266,-0.025316455696202535,-0.7848101265822784,0.13924050632911392,0.46835443037974683,0.0,0.0,0.012658227848101266,1.0,0.0
0.033898305084745756,0.01694915254237288,-0.008474576271186439,0.01694915254237289,-0.016949152542372885,-0.1016949152542373,0.06779661016949154,-0.00847457627118644,0.008474576271186442,0.7372881355932203,-0.4576271186440678,0.9830508474576272,0.0,-1.380952380952381,0.03389830508474576,1.0,0.0
-0.019047619047619063,0.0,0.009523809523809521,0.047619047619047616,0.009523809523809528,-0.0380952380952381,0.01904761904761905,-0.01904761904761905,0.0,0.17142857142857126,0.02857142857142857,0.22857142857142856,0.0,0.09375,0.009523809523809525,1.0,0.0
0.018018018018018,0.0,0.009009009009009014,0.018018018018018014,0.0,0.03603603603603603,-0.06306306306306306,-0.009009009009009007,0.027027027027027025,-0.25225225225225234,-0.26126126126126126,0.963963963963964,0.0,-0.15384615384615374,0.05405405405405405,1.0,0.0
0.0,0.0,0.0410958904109589,0.0410958904109589,0.0136986301369863,-0.0684931506849315,0.0136986301369863,-0.0273972602739726,-0.0136986301369863,0.6575342465753425,-0.1095890410958904,0.8082191780821918,0.0,-0.3142857142857143,-0.0410958904109589,-1.0,0.0
0.06896551724137932,0.0,-0.017241379310344827,0.05172413793103448,0.017241379310344827,-0.10344827586206898,-0.034482758620689655,0.017241379310344827,-0.034482758620689655,-0.39655172413793094,-0.29310344827586204,0.15517241379310345,0.0,0.0,-0.034482758620689655,-1.0,0.0
0.016129032258064502,0.0,0.0,0.03225806451612903,-0.016129032258064516,-0.016129032258064516,-0.04838709677419356,0.03225806451612903,-0.03225806451612903,1.3064516129032258,0.03225806451612903,-0.06451612903225806,0.0,0.0,-0.06451612903225806,-1.0,0.0
-0.008695652173913021,0.0,0.008695652173913042,0.0,0.026086956521739132,0.043478260869565216,-0.043478260869565216,-0.017391304347826087,0.017391304347826087,-0.30434782608695654,-0.08695652173913043,0.6086956521739131,0.0,0.75,0.04347826086956522,1.0,0.0
0.033898305084745756,-0.01694915254237288,0.08474576271186442,-0.05084745762711865,-0.016949152542372885,0.1016949152542373,-0.11864406779661016,0.0,0.03389830508474576,-0.30508474576271194,0.01694915254237288,0.23728813559322035,0.0,0.42857142857142855,0.05084745762711865,1.0,0.0
0.054545454545454536,0.0,-0.03636363636363636,-0.03636363636363636,0.01818181818181818,0.0,0.03636363636363636,-0.01818181818181818,0.03636363636363636,-0.5454545454545454,0.2,0.6727272727272727,0.0,-0.03333333333333344,0.03636363636363636,1.0,0.0
0.05882352941176469,-0.00980392156862745,-0.0196078431372549,0.0,-0.0392156862745098,-0.00980392156862745,-0.009803921568627444,0.02941176470588236,-0.0196078431372549,0.196078431372549,0.11764705882352941,0.8823529411764706,0.0,-0.1333333333333333,-0.06862745098039216,-1.0,1.0
-0.04242424242424242,-0.030303030303030297,-0.012121212121212116,-0.012121212121212123,-0.01818181818181818,0.024242424242424246,0.030303030303030304,0.06666666666666667,-0.02424242424242424,0.9454545454545455,0.18787878787878787,0.9939393939393939,-0.012121212121212121,0.025641025641025772,-0.02424242424242424,-1.0,0.0
0.025000000000000022,0.0,0.0,-0.012500000000000011,0.025,-0.012500000000000004,-0.02500000000000001,0.0,-0.025,-0.275,0.225,1.0125,0.0,-0.836734693877551,-0.075,-1.0,1.0
0.01190476190476189,-0.023809523809523808,0.0,-0.023809523809523808,0.0,0.011904761904761904,-0.011904761904761904,0.03571428571428571,-0.07142857142857142,0.33333333333333337,0.4642857142857143,1.4285714285714286,-0.011904761904761904,-1.0256410256410255,-0.05952380952380952,-1.0,0.0
0.009433962264150941,0.009433962264150943,-0.01886792452830189,0.009433962264150941,-0.01886792452830189,0.009433962264150941,-0.03773584905660377,0.03773584905660378,-0.02830188679245283,-0.5,-0.4811320754716981,1.4339622641509433,0.009433962264150943,0.7916666666666667,-0.009433962264150948,1.0,0.0
0.048543689320388356,0.0,-0.019417475728155345,-0.009708737864077666,0.009708737864077669,0.04854368932038834,-0.02912621359223301,-0.03883495145631068,0.019417475728155345,-0.8058252427184467,-0.08737864077669903,0.3300970873786408,0.009708737864077669,0.075,0.05825242718446602,1.0,0.0
-0.013157894736842118,0.0,0.0,0.03947368421052633,-0.039473684210526314,0.05263157894736842,-0.05263157894736842,0.013157894736842105,0.02631578947368421,-0.25,0.09210526315789473,0.6447368421052632,0.0,0.0,0.02631578947368421,-1.0,0.0
0.033333333333333326,0.016666666666666666,-0.1,0.04166666666666666,-0.03333333333333333,0.025,-0.01666666666666667,0.03333333333333334,-0.03333333333333333,-0.41666666666666674,-0.016666666666666666,0.7916666666666666,0.0,-0.3548387096774194,-0.058333333333333334,-1.0,1.0
0.0,0.0,0.02127659574468085,0.042553191489361694,0.0,-0.0425531914893617,0.0,0.0,0.0,-0.14893617021276598,0.0,0.9574468085106383,0.0,-0.5277777777777778,0.06382978723404255,1.0,1.0
0.013986013986013984,0.013986013986013988,0.006993006993006992,-0.020979020979020976,0.006993006993006999,-0.027972027972027975,-0.013986013986013984,0.027972027972027975,0.0,0.5314685314685315,-0.1258741258741259,1.5384615384615385,0.0,0.0,-0.027972027972027972,1.0,1.0
0.1038961038961039,-0.025974025974025976,0.025974025974025976,0.038961038961038974,-0.012987012987012984,-0.06493506493506493,-0.02597402597402597,-0.025974025974025976,0.025974025974025972,-0.22077922077922074,0.0,0.974025974025974,0.0,-0.2058823529411764,0.03896103896103895,1.0,0.0
0.059602649006622516,0.019867549668874173,-0.01324503311258278,0.01324503311258278,0.0,0.02649006622516556,-0.039735099337748346,-0.059602649006622516,0.0,-0.5430463576158941,-0.271523178807947,0.8211920529801324,0.006622516556291391,0.16279069767441867,0.0,-1.0,0.0
-0.008928571428571425,0.0,-0.008928571428571432,0.053571428571428575,0.0,-0.04464285714285715,0.04464285714285714,-0.03571428571428571,0.026785714285714288,-0.1160714285714286,-0.16071428571428573,0.21428571428571427,0.0,-0.05769230769230771,0.05357142857142857,1.0,0.0
-0.03529411764705882,0.023529411764705882,0.023529411764705882,-0.03529411764705882,-0.011764705882352941,0.047058823529411764,0.03529411764705882,-0.03529411764705882,0.0,0.5529411764705882,-0.09411764705882353,0.788235294117647,0.0,-0.3,0.011764705882352941,1.0,0.0
0.0357142857142857,0.0,0.05357142857142857,-0.07142857142857142,-0.017857142857142856,-0.03571428571428571,0.017857142857142856,0.017857142857142856,0.017857142857142856,0.25,-0.14285714285714285,1.0178571428571428,0.0,0.625,0.0,1.0,0.0
0.0273972602739726,0.0,-0.0136986301369863,-0.0136986301369863,-0.0273972602739726,0.0410958904109589,-0.0136986301369863,0.0136986301369863,0.0273972602739726,-0.20547945205479456,0.0273972602739726,0.0684931506849315,0.0,1.1296296296296298,0.0821917808219178,1.0,0.0
0.019047619047619035,0.009523809523809525,0.009523809523809525,-0.028571428571428567,0.0,0.06666666666666667,-0.047619047619047616,-0.01904761904761905,0.009523809523809525,-0.34285714285714286,-0.009523809523809525,0.7238095238095238,-0.009523809523809525,-0.2678571428571428,0.028571428571428567,1.0,0.0
0.010869565217391311,-0.021739130434782608,-0.021739130434782608,0.03260869565217392,0.021739130434782608,-0.04347826086956522,-0.010869565217391304,0.03260869565217391,-0.07608695652173914,0.967391304347826,0.358695652173913,0.6956521739130435,-0.010869565217391304,0.8421052631578947,-0.13043478260869565,-1.0,0.0
0.038834951456310676,0.01941747572815534,0.0,-0.06796116504854369,-0.009708737864077673,0.009708737864077666,0.02912621359223301,-0.009708737864077673,0.07766990291262137,-0.3592233009708736,-0.14563106796116504,-0.038834951456310676,0.0,1.0370370370370372,0.009708737864077673,-1.0,1.0
0.03508771929824561,0.0,0.008771929824561403,0.043859649122807015,-0.043859649122807015,-0.017543859649122806,-0.017543859649122806,-0.008771929824561403,-0.008771929824561403,-0.3157894736842105,-0.5087719298245614,0.5614035087719298,0.008771929824561403,-1.8679245283018868,0.008771929824561403,-1.0,0.0
-0.017391304347826084,0.008695652173913044,-0.043478260869565216,0.026086956521739132,-0.01739130434782609,0.017391304347826084,0.01739130434782609,0.01739130434782609,-0.008695652173913042,-0.0608695652173914,-0.06956521739130435,1.1043478260869566,0.0,1.276595744680851,-0.03478260869565218,-1.0,0.0
0.007633587786259527,0.015267175572519083,0.0076335877862595426,-0.007633587786259541,0.03816793893129771,-0.007633587786259541,-0.04580152671755725,0.0,-0.015267175572519085,-0.5801526717557253,-0.11450381679389313,1.366412213740458,0.007633587786259542,-0.37209302325581395,-0.007633587786259544,-1.0,1.0
0.029126213592232997,0.0,0.01941747572815534,-0.019417475728155338,0.0,-0.038834951456310676,0.02912621359223301,-0.009708737864077666,-0.02912621359223301,-0.01941747572815533,0.0,0.39805825242718446,0.009708737864077669,-0.9344262295081971,0.0,-1.0,0.0
0.03361344537815125,-0.008403361344537813,0.008403361344537813,0.05042016806722688,-0.03361344537815126,-0.04201680672268908,0.025210084033613446,-0.02521008403361345,0.06722689075630253,0.6470588235294117,0.3025210084033613,0.16806722689075632,0.01680672268907563,0.15625,0.05042016806722689,1.0,0.0
0.06578947368421054,0.039473684210526314,0.0,-0.013157894736842105,-0.013157894736842105,-0.013157894736842105,0.0,-0.06578947368421052,0.05263157894736842,-0.881578947368421,-0.05263157894736842,-0.07894736842105263,0.0,-0.14814814814814814,0.02631578947368421,-1.0,1.0
0.034883720930232565,0.0,0.03488372093023256,0.011627906976744193,-0.023255813953488372,-0.023255813953488372,-0.023255813953488372,-0.011627906976744186,0.0,-0.023255813953488358,0.0,0.9302325581395349,0.0,-0.6923076923076921,0.0,1.0,0.0
0.009523809523809532,-0.009523809523809525,0.01904761904761905,0.04761904761904763,0.0,-0.019047619047619046,-0.009523809523809532,-0.02857142857142857,0.03809523809523809,-0.38095238095238093,-0.10476190476190476,0.9809523809523809,0.0,-0.27142857142857135,0.0380952380952381,1.0,1.0
0.01999999999999999,-0.009999999999999998,0.0,0.019999999999999997,0.0,-0.019999999999999997,0.0,-0.009999999999999995,0.020000000000000004,-0.93,0.06,0.43,0.01,0.18367346938775508,0.049999999999999996,-1.0,0.0
-0.011363636363636381,0.0,0.022727272727272728,0.022727272727272735,0.022727272727272728,-0.011363636363636367,-0.034090909090909095,-0.01136363636363636,0.0,0.3522727272727274,-0.07954545454545454,1.0340909090909092,0.0,0.0,-0.01136363636363636,1.0,0.0
-0.04210526315789473,0.0,-0.010526315789473682,0.01052631578947369,-0.0736842105263158,0.010526315789473684,0.052631578947368425,0.06315789473684211,0.0,1.8105263157894735,0.4631578947368421,0.10526315789473684,0.0,0.13513513513513514,-0.06315789473684211,-1.0,0.0
-0.058823529411764705,0.0,-0.023529411764705882,-0.03529411764705882,0.011764705882352941,0.047058823529411764,0.07058823529411765,0.0,0.07058823529411765,0.16470588235294126,0.27058823529411763,1.1058823529411765,-0.011764705882352941,0.02499999999999991,0.023529411764705882,1.0,0.0
0.04065040650406504,0.00813008130081301,-0.008130081300813007,0.00813008130081301,-0.06504065040650406,-0.01626016260162602,0.04065040650406503,0.0,0.016260162601626015,0.7317073170731707,0.7398373983739838,-0.12195121951219512,0.0,-1.4035087719298245,-0.008130081300813004,-1.0,1.0
-0.05154639175257733,0.0,-0.010309278350515462,0.030927835051546393,-0.010309278350515455,0.030927835051546393,0.030927835051546393,-0.010309278350515464,0.010309278350515465,0.6804123711340205,0.3402061855670103,1.092783505154639,0.0,0.0,-0.010309278350515462,-1.0,1.0
0.01980198019801982,0.0,-0.04950495049504951,0.0297029702970297,0.009900990099009903,-0.02970297029702971,0.0,0.0297029702970297,-0.0099009900990099,0.7623762376237623,0.0297029702970297,0.45544554455445546,0.0,-0.4576271186440678,-0.019801980198019806,-1.0,0.0
0.028301886792452824,0.018867924528301886,-0.02830188679245283,-0.03773584905660378,-0.04716981132075471,-0.03773584905660378,0.0,0.10377358490566038,-0.009433962264150941,-0.15094339622641506,0.19811320754716982,0.7452830188679245,0.0,1.0789473684210527,-0.03773584905660377,1.0,0.0
0.029197080291970795,0.0,0.0,0.0,-0.021897810218978096,-0.021897810218978103,0.072992700729927,-0.0510948905109489,0.029197080291970805,-1.7226277372262773,0.10948905109489052,0.8759124087591241,0.0,-0.5588235294117645,0.03649635036496351,1.0,0.0
-0.03614457831325302,-0.012048192771084335,0.048192771084337345,-0.012048192771084335,0.0,0.012048192771084335,0.02409638554216867,-0.012048192771084335,0.03614457831325301,0.3373493975903614,0.3614457831325301,0.5662650602409639,0.0,0.03571428571428581,0.04819277108433735,1.0,0.0
-0.00990099009900991,-0.009900990099009903,0.04950495049504951,0.0,-0.0396039603960396,0.0594059405940594,0.0297029702970297,-0.0693069306930693,0.07920792079207921,0.10891089108910901,-0.13861386138613863,1.3366336633663367,0.009900990099009901,-1.2352941176470587,0.039603960396039604,1.0,0.0
-0.06153846153846154,0.0,0.03076923076923077,0.0,0.0,-0.03076923076923077,0.06153846153846154,0.015384615384615385,0.015384615384615385,0.9538461538461539,0.1076923076923077,1.6307692307692307,0.0,0.45454545454545436,-0.015384615384615385,-1.0,0.0
0.0,0.02564102564102564,-0.01282051282051282,0.0,0.038461538461538464,-0.038461538461538464,-0.05128205128205128,0.03846153846153846,-0.02564102564102564,-0.39743589743589736,-0.5512820512820513,0.38461538461538464,0.01282051282051282,-0.06896551724137923,-0.012820512820512824,-1.0,1.0
-0.03305785123966942,-0.01652892561983471,-0.008264462809917356,-0.049586776859504134,0.0,0.049586776859504134,0.04132231404958678,0.024793388429752067,-0.008264462809917356,1.0495867768595042,0.8760330578512396,0.743801652892562,0.0,-0.44000000000000006,0.04132231404958678,1.0,0.0
-0.019801980198019792,0.0,0.019801980198019802,-0.0297029702970297,-0.009900990099009903,-0.0297029702970297,0.07920792079207921,0.0,0.019801980198019806,-0.23762376237623772,0.3564356435643564,1.396039603960396,0.009900990099009901,-0.41935483870967705,0.0,1.0,0.0
0.010638297872340441,0.0,-0.031914893617021274,-0.021276595744680847,0.021276595744680854,0.06382978723404256,-0.0425531914893617,0.0,-0.010638297872340427,0.27659574468085113,-0.09574468085106383,1.0957446808510638,0.0,0.38095238095238093,0.0,1.0,1.0
0.0,0.0,0.0,-0.23529411764705882,0.0,0.23529411764705882,0.11764705882352941,-0.058823529411764705,0.11764705882352941,-0.23529411764705882,0.058823529411764705,0.23529411764705882,0.0,0.0,0.11764705882352941,1.0,0.0
0.07228915662650601,0.024096385542168676,0.012048192771084338,-0.012048192771084335,0.012048192771084338,-0.048192771084337345,-0.012048192771084335,-0.03614457831325301,0.024096385542168676,-0.2530120481927711,-0.1927710843373494,0.9759036144578314,0.0,-0.6785714285714286,0.012048192771084335,1.0,1.0
-0.051724137931034475,0.008620689655172414,-0.04310344827586207,0.04310344827586207,0.025862068965517238,-0.060344827586206906,0.02586206896551724,0.05172413793103448,-0.025862068965517244,-0.10344827586206895,0.15517241379310345,0.9913793103448276,0.0,0.0625,-0.025862068965517244,1.0,0.0
0.030303030303030304,0.0,-0.030303030303030304,0.0,-0.030303030303030304,0.015151515151515152,-0.030303030303030304,0.045454545454545456,-0.030303030303030304,-0.3484848484848485,0.030303030303030304,0.8333333333333334,0.0,1.0714285714285714,0.015151515151515152,1.0,0.0
-0.02105263157894738,0.010526315789473684,0.031578947368421054,-0.031578947368421054,0.02105263157894737,0.031578947368421054,-0.010526315789473682,-0.021052631578947364,0.0,-0.42105263157894735,-0.22105263157894736,-0.06315789473684211,0.010526315789473684,0.593220338983051,0.04210526315789474,-1.0,0.0
-0.019230769230769218,0.0,0.028846153846153848,0.009615384615384609,-0.009615384615384609,-0.019230769230769225,0.009615384615384623,0.0,0.009615384615384616,0.22115384615384626,-0.375,0.9423076923076923,0.0,0.0,0.019230769230769232,1.0,0.0
-0.03636363636363636,0.00909090909090909,0.0,-0.04545454545454544,0.018181818181818184,-0.018181818181818188,0.027272727272727268,0.04545454545454545,-0.02727272727272727,1.2181818181818183,-0.17272727272727273,1.0545454545454545,0.0,0.0,0.018181818181818184,1.0,0.0
-0.028846153846153855,0.0,0.0,-0.009615384615384623,0.038461538461538464,-0.009615384615384616,0.0,0.009615384615384616,-0.019230769230769232,0.24038461538461542,0.38461538461538464,0.4807692307692308,0.0,0.4117647058823529,-0.009615384615384616,1.0,0.0
0.007936507936507936,-0.007936507936507936,-0.007936507936507936,0.0,0.015873015873015872,-0.015873015873015872,0.007936507936507936,0.0,-0.007936507936507936,0.9444444444444445,-0.09523809523809523,0.46825396825396826,-0.015873015873015872,0.14,-0.007936507936507936,1.0,0.0
0.0888888888888889,-0.022222222222222223,0.0,-0.022222222222222227,-0.02222222222222222,0.0,0.022222222222222227,-0.022222222222222227,0.022222222222222223,0.0,0.022222222222222223,0.8222222222222222,0.0,-0.2777777777777777,0.044444444444444446,1.0,1.0
-0.033898305084745756,0.0,-0.00847457627118644,0.016949152542372878,0.025423728813559317,-0.04237288135593221,-0.008474576271186439,0.05084745762711865,-0.016949152542372878,0.7881355932203391,-0.4322033898305085,0.7457627118644068,0.0,0.8863636363636365,-0.016949152542372885,1.0,0.0
0.040816326530612235,0.0,0.04081632653061225,-0.0816326530612245,-0.0816326530612245,0.10204081632653061,0.0,0.0,0.061224489795918366,0.40816326530612235,-0.10204081632653061,0.20408163265306123,0.0,0.0,0.04081632653061225,1.0,0.0
-0.010752688172043001,0.0,-0.010752688172043012,-0.053763440860215034,0.010752688172043015,0.08602150537634409,-0.07526881720430106,0.06451612903225806,0.04301075268817204,1.225806451612903,0.5268817204301075,-0.17204301075268819,0.0,0.7857142857142857,-0.03225806451612903,1.0,0.0
0.0,0.0,0.01626016260162602,0.032520325203252036,-0.0813008130081301,0.04878048780487805,-0.04065040650406503,0.032520325203252036,0.02439024390243902,0.016260162601626105,0.21138211382113822,0.2032520325203252,0.008130081300813009,0.0,0.04065040650406505,1.0,1.0
0.07216494845360824,-0.020618556701030927,-0.051546391752577324,0.020618556701030924,-0.010309278350515462,0.041237113402061855,-0.030927835051546393,-0.010309278350515462,-0.010309278350515465,1.2371134020618557,0.18556701030927836,0.7731958762886598,-0.010309278350515464,-0.15625,0.010309278350515465,1.0,0.0
0.00735294117647059,-0.03676470588235294,0.014705882352941176,-0.029411764705882346,0.0,0.0,0.036764705882352935,0.007352941176470586,0.0,0.13235294117647056,0.25,0.5735294117647058,-0.007352941176470588,0.8974358974358976,0.0,1.0,0.0
0.009615384615384609,0.0,-0.02884615384615384,0.038461538461538464,0.019230769230769225,0.019230769230769232,-0.05769230769230769,0.0,-0.019230769230769232,0.7019230769230769,0.038461538461538464,0.36538461538461536,0.0,0.11940298507462721,-0.038461538461538464,-1.0,1.0
-0.008620689655172431,0.017241379310344827,0.00862068965517241,0.025862068965517244,-0.017241379310344827,-0.034482758620689655,0.008620689655172403,0.0,0.0,-0.7155172413793104,-0.43103448275862066,0.8362068965517241,0.0,0.36585365853658536,0.01724137931034483,-1.0,1.0
-0.023391812865497075,0.0,0.0,-0.011695906432748537,0.0,0.04678362573099415,-0.029239766081871343,0.023391812865497075,-0.005847953216374269,-0.04678362573099415,0.3508771929824561,0.23976608187134502,-0.005847953216374269,1.129032258064516,0.011695906432748537,1.0,0.0
0.0,0.0,0.009523809523809525,-0.009523809523809518,0.009523809523809528,0.01904761904761905,0.0380952380952381,-0.057142857142857134,0.0,0.3809523809523808,0.3333333333333333,0.9428571428571428,0.0,0.09803921568627416,0.0,-1.0,0.0
0.0,-0.00980392156862745,0.0196078431372549,-0.049019607843137275,0.029411764705882353,0.0196078431372549,-0.009803921568627444,0.0,0.0196078431372549,-0.8235294117647057,-0.0196078431372549,0.18627450980392157,0.0,-1.473684210526316,0.03921568627450981,1.0,1.0
0.06521739130434781,0.0,0.0,0.043478260869565216,0.043478260869565216,0.0,-0.13043478260869565,-0.021739130434782608,-0.021739130434782608,-0.15217391304347822,0.021739130434782608,0.6304347826086957,0.0,-0.1111111111111111,0.0,-1.0,1.0
0.1111111111111111,0.0,0.037037037037037035,-0.1111111111111111,0.0,0.037037037037037035,-0.037037037037037035,0.0,0.07407407407407407,0.1111111111111111,0.07407407407407407,-0.14814814814814814,0.0,0.0,0.037037037037037035,1.0,0.0
-0.03947368421052633,-0.013157894736842105,0.02631578947368421,-0.039473684210526314,0.013157894736842105,0.0,0.0,0.05263157894736842,0.013157894736842105,-1.289473684210526,0.02631578947368421,0.5657894736842105,0.0,0.08333333333333326,0.013157894736842105,1.0,0.0
0.0,0.0,-0.030120481927710847,0.006024096385542167,-0.018072289156626502,0.0,0.00602409638554216,0.03614457831325301,0.0,-1.27710843373494,-0.09036144578313253,0.8855421686746988,-0.006024096385542169,1.6896551724137931,0.0,1.0,1.0
-0.01204819277108432,0.0,0.024096385542168676,-0.03614457831325302,0.03614457831325301,0.036144578313253004,-0.024096385542168676,-0.012048192771084341,0.024096385542168672,0.1807228915662652,-0.8313253012048193,0.13253012048192772,0.0,0.5,0.024096385542168676,1.0,0.0
-0.0697674418604651,0.0,0.0,-0.046511627906976744,0.0,0.046511627906976744,0.06976744186046512,0.023255813953488372,-0.023255813953488372,0.11627906976744187,0.2558139534883721,0.4186046511627907,0.0,-0.6799999999999999,-0.06976744186046512,-1.0,0.0
-0.028037383177570083,0.0,0.0,-0.01869158878504673,-0.009345794392523366,0.02803738317757009,0.037383177570093455,0.0,-0.02803738317757009,0.7663551401869159,0.5514018691588785,0.7383177570093458,0.0,-0.8448275862068965,-0.018691588785046728,1.0,1.0
0.09433962264150943,0.0,-0.05660377358490566,-0.0660377358490566,-0.02830188679245283,0.03773584905660378,-0.05660377358490566,0.07547169811320756,-0.009433962264150941,-1.009433962264151,0.27358490566037735,0.7735849056603774,0.0,-0.65625,0.0,1.0,1.0
-0.012195121951219495,0.0,-0.01219512195121951,-0.02439024390243902,0.024390243902439032,0.024390243902439025,0.012195121951219513,-0.01219512195121951,0.01219512195121951,-0.5365853658536586,0.036585365853658534,1.0731707317073171,0.0,-0.3823529411764706,0.012195121951219516,1.0,0.0
-0.01612903225806453,-0.016129032258064516,-0.016129032258064516,-0.06451612903225806,0.04838709677419355,0.06451612903225806,0.04838709677419355,-0.04838709677419355,0.016129032258064516,-0.14516129032258052,0.04838709677419355,-0.20967741935483872,0.016129032258064516,-0.11538461538461539,0.03225806451612903,1.0,0.0
0.06504065040650409,0.03252032520325203,0.0,-0.016260162601626008,0.0,-0.1056910569105691,-0.016260162601626008,0.048780487804878044,0.0,0.7967479674796749,0.18699186991869918,0.7804878048780488,-0.008130081300813009,-0.41860465116279055,-0.048780487804878044,-1.0,1.0
-0.09333333333333332,-0.013333333333333334,0.0,0.0,0.013333333333333332,0.09333333333333332,0.0,0.013333333333333332,0.0,-0.06666666666666665,0.013333333333333334,0.92,0.0,0.0,0.039999999999999994,1.0,0.0
0.0,0.018518518518518517,-0.018518518518518517,0.0,0.037037037037037035,0.018518518518518517,-0.037037037037037035,-0.018518518518518517,0.0,0.1111111111111111,0.0,0.6296296296296297,0.0,0.5789473684210529,0.0,1.0,0.0
0.020408163265306117,-0.013605442176870748,-0.006802721088435368,0.006802721088435368,0.027210884353741492,-0.006802721088435375,-0.027210884353741496,0.006802721088435375,0.02040816326530612,0.653061224489796,0.06802721088435375,0.35374149659863946,0.0,-0.4411764705882353,0.01360544217687075,1.0,1.0
0.0,0.0,0.00900900900900901,-0.04504504504504503,-0.009009009009009007,0.02702702702702703,0.0,0.02702702702702703,0.0,0.3513513513513512,0.26126126126126126,1.027027027027027,0.0,-1.596153846153846,-0.018018018018018014,1.0,0.0
0.0,0.0,-0.012500000000000004,0.012499999999999997,-0.012499999999999997,0.012499999999999997,-0.0125,0.012500000000000004,0.0125,0.2875000000000001,0.0375,0.0875,0.0,-0.26666666666666666,-0.012500000000000004,-1.0,0.0
0.05970149253731344,0.014925373134328358,0.014925373134328356,-0.029850746268656712,0.029850746268656712,-0.04477611940298507,0.014925373134328358,-0.04477611940298507,0.029850746268656712,0.44776119402985076,-0.14925373134328357,1.0895522388059702,0.014925373134328358,-0.1020408163265305,-0.029850746268656716,-1.0,0.0
-0.02958579881656806,0.0,0.017751479289940822,0.005917159763313612,0.0,0.02366863905325444,0.011834319526627224,-0.02366863905325444,0.04142011834319527,-0.059171597633136175,-0.05917159763313609,0.7810650887573964,0.005917159763313609,0.7826086956521738,0.029585798816568046,1.0,0.0
0.07526881720430106,-0.010752688172043012,-0.03225806451612903,0.06451612903225806,0.0,0.010752688172043015,-0.04301075268817204,-0.053763440860215055,0.0,-1.2150537634408602,-0.5161290322580645,0.6021505376344086,0.0,-0.19444444444444442,0.021505376344086023,1.0,0.0
-0.009433962264150941,0.009433962264150943,-0.009433962264150941,0.028301886792452824,-0.04716981132075472,0.009433962264150941,0.018867924528301883,0.0,-0.02830188679245283,-0.7452830188679245,-0.1320754716981132,0.8490566037735849,0.0,-0.8648648648648649,0.009433962264150941,-1.0,1.0
0.019607843137254888,-0.0196078431372549,-0.00980392156862745,0.02941176470588236,0.0,-0.0392156862745098,0.01960784313725491,0.0,-0.0392156862745098,-0.7549019607843137,-0.0784313725490196,0.058823529411764705,0.0196078431372549,-1.0526315789473684,0.049019607843137254,1.0,0.0
-0.02027027027027027,-0.006756756756756757,-0.006756756756756757,0.02702702702702703,-0.013513513513513514,0.033783783783783786,0.0,-0.013513513513513514,0.0,-0.5472972972972974,-0.12837837837837837,-0.0945945945945946,0.006756756756756757,0.6938775510204085,0.013513513513513514,-1.0,1.0
0.06451612903225806,0.03225806451612903,0.0,-0.03225806451612903,-0.03225806451612903,0.06451612903225806,-0.03225806451612903,-0.03225806451612903,0.06451612903225806,0.32258064516129026,0.06451612903225806,0.3225806451612903,0.0,-0.5,0.03225806451612903,1.0,0.0
0.015384615384615385,-0.007692307692307693,0.007692307692307693,0.023076923076923078,-0.007692307692307693,-0.06153846153846154,0.015384615384615385,0.015384615384615385,-0.05384615384615385,-0.0769230769230771,-0.17692307692307693,0.49230769230769234,0.0,-0.23529411764705882,0.007692307692307693,1.0,1.0
0.022988505747126436,-0.011494252873563218,-0.034482758620689655,-0.022988505747126436,0.0,0.011494252873563218,0.011494252873563218,0.034482758620689655,-0.04597701149425287,1.3563218390804597,0.40229885057471265,0.9540229885057471,0.0,-0.1777777777777778,-0.06896551724137931,-1.0,0.0
-0.007575757575757569,0.0,0.0,0.04545454545454544,-0.007575757575757583,-0.05303030303030303,0.007575757575757576,0.015151515151515152,-0.022727272727272728,-0.25,-0.3333333333333333,0.5378787878787878,0.0,0.34782608695652173,-0.007575757575757576,-1.0,0.0
-0.03669724770642202,0.027522935779816515,0.0,0.01834862385321101,-0.009174311926605505,0.045871559633027525,0.0,-0.03669724770642202,0.0,1.3944954128440368,0.06422018348623854,1.2201834862385321,0.0,0.2903225806451615,-0.05504587155963303,-1.0,0.0
-0.057142857142857134,0.0,0.0,0.03809523809523809,0.03809523809523809,0.047619047619047616,-0.047619047619047616,-0.009523809523809521,-0.009523809523809521,0.1428571428571428,0.0761904761904762,0.8571428571428571,0.0,0.25806451612903225,0.009523809523809528,1.0,0.0
0.056603773584905676,0.0,0.009433962264150948,-0.07547169811320754,0.009433962264150948,0.009433962264150948,0.0,-0.009433962264150941,-0.018867924528301886,-0.28301886792452824,0.0,0.5754716981132075,0.0,-0.3333333333333335,0.0,-1.0,1.0
-0.0357142857142857,0.0,-0.05357142857142857,-0.017857142857142856,0.008928571428571425,0.008928571428571438,0.08928571428571429,0.0,-0.017857142857142856,0.19642857142857129,0.09821428571428571,-0.24107142857142858,0.0,0.0,0.008928571428571432,1.0,0.0
0.008474576271186446,0.0,0.016949152542372878,0.0,0.016949152542372885,0.008474576271186439,-0.03389830508474576,-0.016949152542372878,0.0,-0.19491525423728806,-0.288135593220339,0.9491525423728814,0.0,0.03225806451612903,0.0,-1.0,0.0
-0.04098360655737704,-0.00819672131147541,0.01639344262295082,0.05737704918032786,-0.03278688524590164,0.02459016393442623,0.008196721311475405,-0.02459016393442623,0.0,-0.778688524590164,-0.13934426229508196,0.9836065573770492,0.00819672131147541,-0.9999999999999999,0.05737704918032786,1.0,1.0
0.030303030303030304,0.0,0.010101010101010104,-0.020202020202020207,0.0,0.03030303030303031,-0.0404040404040404,0.0,-0.010101010101010097,0.5757575757575757,0.18181818181818182,-0.6363636363636364,0.0,0.09999999999999998,-0.010101010101010097,1.0,0.0
-0.1267605633802817,0.0,0.0,0.0,0.1267605633802817,0.028169014084507043,0.028169014084507043,-0.04225352112676056,0.028169014084507043,-0.04225352112676062,-0.4507042253521127,-0.4225352112676056,0.0,0.5,0.04225352112676056,1.0,0.0
